edad,hora_lectura_preferida,velocidad_lectura,engagement_promedio,valence_musical_pref,energia_musical_pref,contenido_visual_pref,genero_libro_rec,tipo_vino_rec,genero_musical_rec,genero_serie_rec,pred_tipo_vino_rec
27,manana,alta,0.85,0.51,0.69,series largas,ciencia ficcion,espumoso,electronica,ciencia ficcion,espumoso
18,tarde,media,0.88,0.75,0.55,documentales,fantasia,afrutado,electronica,comedia,afrutado
26,tarde,alta,0.85,0.57,0.65,documentales,fantasia,afrutado,pop,ciencia ficcion,espumoso
32,tarde,media,0.89,0.61,0.54,peliculas,fantasia,dulce,reggaeton,ciencia ficcion,espumoso
21,noche,alta,0.86,0.6,0.74,documentales,ciencia ficcion,seco,electronica,ciencia ficcion,dulce
32,noche,baja,0.65,0.76,0.67,series largas,fantasia,seco,pop,comedia,espumoso
24,tarde,media,0.95,0.52,0.47,series largas,fantasia,seco,pop,accion,bajo en acidez
37,manana,media,0.81,0.56,0.53,series largas,ciencia ficcion,seco,reggaeton,terror,seco
49,manana,baja,0.52,0.49,0.46,documentales,no ficcion,seco,jazz,drama,dulce
33,manana,alta,0.88,0.46,0.66,series largas,thriller,dulce,rock,terror,dulce
39,manana,baja,0.67,0.52,0.36,documentales,no ficcion,bajo en acidez,jazz,drama,bajo en acidez
29,manana,alta,0.82,0.45,0.75,series largas,thriller,espumoso,reggaeton,ciencia ficcion,espumoso
28,tarde,alta,0.66,0.72,0.77,anime,fantasia,afrutado,reggaeton,comedia,afrutado
50,noche,alta,0.58,0.49,0.47,peliculas,no ficcion,seco,jazz,drama,seco
43,tarde,baja,0.52,0.45,0.53,documentales,no ficcion,seco,reggaeton,drama,seco
18,tarde,media,0.57,0.49,0.33,peliculas,no ficcion,seco,jazz,drama,bajo en acidez
27,noche,media,0.84,0.83,0.51,peliculas,romance,afrutado,pop,comedia,afrutado
38,manana,media,0.63,0.33,0.43,anime,no ficcion,dulce,jazz,drama,dulce
27,tarde,alta,0.82,0.78,0.72,peliculas,fantasia,seco,pop,comedia,seco
29,noche,media,0.78,0.89,0.37,peliculas,romance,afrutado,electronica,comedia,dulce
44,manana,alta,0.9,0.57,0.52,anime,ciencia ficcion,bajo en acidez,reggaeton,drama,bajo en acidez
24,tarde,alta,0.94,0.56,0.71,documentales,thriller,dulce,electronica,accion,espumoso
30,noche,alta,0.75,0.73,0.54,peliculas,romance,seco,pop,accion,seco
20,noche,alta,0.98,0.53,0.66,anime,ciencia ficcion,seco,electronica,accion,dulce
19,manana,media,0.7,0.53,0.27,series cortas,romance,bajo en acidez,jazz,drama,bajo en acidez
18,tarde,media,0.57,0.8,0.41,documentales,romance,afrutado,reggaeton,comedia,afrutado
39,noche,alta,0.95,0.27,0.75,series cortas,thriller,espumoso,rock,ciencia ficcion,espumoso
44,manana,media,0.44,0.43,0.34,series largas,no ficcion,dulce,jazz,drama,dulce
18,tarde,media,0.65,0.18,0.57,anime,no ficcion,dulce,rock,terror,bajo en acidez
34,noche,media,0.79,0.52,0.5,documentales,no ficcion,bajo en acidez,electronica,drama,bajo en acidez
25,manana,media,0.73,1.0,0.52,series largas,romance,afrutado,pop,comedia,afrutado
49,noche,alta,0.79,0.36,0.75,series largas,thriller,dulce,rock,accion,dulce
26,tarde,alta,0.86,0.68,0.79,series cortas,fantasia,afrutado,reggaeton,accion,seco
42,noche,media,0.74,0.73,0.65,series cortas,ciencia ficcion,espumoso,electronica,comedia,afrutado
21,noche,alta,1.0,0.5,0.41,series largas,romance,afrutado,electronica,ciencia ficcion,afrutado
31,noche,alta,0.64,0.45,0.75,documentales,thriller,espumoso,rock,ciencia ficcion,espumoso
18,noche,media,0.97,0.75,0.64,anime,fantasia,dulce,electronica,accion,afrutado
27,tarde,alta,0.83,0.29,0.55,series largas,ciencia ficcion,bajo en acidez,rock,ciencia ficcion,seco
39,manana,media,0.61,0.58,0.27,series largas,no ficcion,seco,jazz,drama,bajo en acidez
37,manana,media,0.62,0.63,0.59,series largas,thriller,afrutado,reggaeton,terror,afrutado
30,noche,alta,0.73,0.69,0.52,series largas,romance,afrutado,pop,comedia,afrutado
24,noche,alta,0.85,0.37,1.0,peliculas,thriller,espumoso,electronica,terror,espumoso
28,tarde,media,0.82,0.81,0.44,series cortas,romance,afrutado,pop,comedia,afrutado
44,tarde,baja,0.51,0.51,0.34,series cortas,no ficcion,seco,jazz,drama,seco
41,tarde,alta,0.53,0.62,0.4,peliculas,romance,bajo en acidez,jazz,drama,seco
37,noche,media,0.57,0.89,0.55,peliculas,romance,afrutado,electronica,comedia,afrutado
36,tarde,baja,0.84,0.5,0.33,series largas,no ficcion,bajo en acidez,jazz,drama,seco
26,tarde,alta,0.81,0.62,0.54,documentales,fantasia,afrutado,pop,terror,afrutado
18,noche,alta,0.82,0.43,0.52,anime,ciencia ficcion,bajo en acidez,electronica,terror,dulce
48,tarde,baja,0.61,0.59,0.37,anime,no ficcion,bajo en acidez,jazz,drama,bajo en acidez
26,manana,alta,0.67,0.53,0.48,series largas,ciencia ficcion,bajo en acidez,electronica,terror,bajo en acidez
33,tarde,alta,0.67,0.59,0.55,documentales,no ficcion,bajo en acidez,reggaeton,terror,afrutado
18,noche,media,0.65,0.94,0.46,documentales,romance,afrutado,pop,comedia,dulce
42,manana,media,0.96,0.44,0.79,anime,ciencia ficcion,espumoso,rock,ciencia ficcion,espumoso
31,noche,alta,0.72,0.55,0.7,documentales,thriller,espumoso,reggaeton,ciencia ficcion,espumoso
44,noche,baja,0.83,0.33,0.87,series largas,thriller,espumoso,rock,ciencia ficcion,espumoso
24,tarde,media,0.7,0.72,0.53,anime,fantasia,afrutado,pop,comedia,afrutado
37,noche,baja,0.83,0.25,0.88,series largas,thriller,espumoso,rock,terror,espumoso
31,tarde,alta,0.82,0.75,0.49,documentales,romance,afrutado,pop,comedia,afrutado
33,noche,baja,0.85,0.47,0.21,documentales,no ficcion,seco,jazz,drama,bajo en acidez
18,noche,media,0.76,0.53,0.53,peliculas,romance,dulce,electronica,ciencia ficcion,dulce
29,manana,alta,0.77,0.29,0.7,series largas,thriller,afrutado,rock,accion,afrutado
26,manana,alta,0.82,0.49,0.73,series largas,ciencia ficcion,espumoso,reggaeton,accion,espumoso
35,tarde,media,0.63,0.78,0.54,series cortas,romance,dulce,pop,comedia,afrutado
26,noche,baja,0.85,0.88,0.61,peliculas,fantasia,afrutado,pop,comedia,dulce
27,noche,alta,0.72,0.64,0.85,peliculas,fantasia,afrutado,reggaeton,accion,afrutado
26,tarde,alta,0.94,0.7,0.46,anime,fantasia,seco,pop,accion,afrutado
36,manana,alta,0.68,0.68,0.5,series largas,no ficcion,bajo en acidez,electronica,accion,bajo en acidez
24,noche,media,0.78,0.34,0.68,series largas,thriller,espumoso,rock,terror,espumoso
45,tarde,alta,1.0,0.39,0.73,series cortas,ciencia ficcion,espumoso,rock,ciencia ficcion,dulce
29,noche,alta,0.74,0.1,0.78,series largas,thriller,afrutado,rock,terror,espumoso
35,noche,media,0.93,0.53,0.56,series largas,ciencia ficcion,espumoso,reggaeton,ciencia ficcion,bajo en acidez
31,noche,baja,0.76,0.41,0.64,series cortas,ciencia ficcion,dulce,rock,ciencia ficcion,dulce
22,noche,media,0.74,0.66,0.48,series cortas,fantasia,dulce,pop,comedia,dulce
18,tarde,alta,0.66,0.81,0.37,series largas,romance,seco,reggaeton,comedia,afrutado
18,manana,media,0.91,0.66,0.29,series largas,romance,bajo en acidez,reggaeton,drama,bajo en acidez
29,tarde,media,0.81,0.57,0.67,documentales,fantasia,espumoso,reggaeton,ciencia ficcion,espumoso
35,noche,media,0.75,0.34,0.74,documentales,thriller,espumoso,rock,terror,espumoso
30,noche,alta,0.98,0.61,0.41,anime,ciencia ficcion,seco,reggaeton,drama,afrutado
32,tarde,media,0.59,0.51,0.42,series cortas,romance,bajo en acidez,jazz,drama,bajo en acidez
31,manana,media,0.76,0.56,0.71,anime,fantasia,espumoso,reggaeton,terror,espumoso
29,manana,alta,0.59,0.5,0.77,series cortas,thriller,espumoso,electronica,accion,espumoso
26,tarde,media,0.76,0.66,0.4,documentales,romance,bajo en acidez,reggaeton,accion,dulce
29,tarde,alta,0.82,0.32,0.59,anime,thriller,seco,rock,terror,seco
19,noche,baja,0.72,0.8,0.55,peliculas,romance,dulce,pop,comedia,afrutado
42,manana,media,0.83,0.48,0.46,series largas,ciencia ficcion,bajo en acidez,reggaeton,drama,dulce
40,manana,baja,0.54,0.55,0.17,series largas,no ficcion,seco,jazz,drama,dulce
22,tarde,media,0.97,0.65,0.45,series largas,fantasia,afrutado,pop,accion,dulce
26,noche,alta,0.72,0.71,0.61,series cortas,fantasia,dulce,pop,comedia,seco
25,noche,alta,0.89,0.71,0.6,series cortas,romance,dulce,reggaeton,ciencia ficcion,dulce
25,noche,media,0.73,0.61,0.5,peliculas,romance,dulce,pop,terror,dulce
36,tarde,media,0.85,0.5,0.7,series largas,ciencia ficcion,espumoso,reggaeton,terror,dulce
23,noche,alta,0.79,0.42,0.59,anime,ciencia ficcion,afrutado,electronica,ciencia ficcion,afrutado
40,tarde,baja,0.75,0.84,0.21,documentales,romance,bajo en acidez,jazz,terror,bajo en acidez
23,noche,media,1.0,0.68,0.66,series largas,fantasia,seco,electronica,ciencia ficcion,afrutado
23,noche,alta,0.92,0.45,0.47,peliculas,ciencia ficcion,afrutado,reggaeton,terror,afrutado
42,noche,alta,0.97,0.55,0.82,peliculas,fantasia,espumoso,rock,accion,espumoso
34,noche,alta,0.49,0.39,0.69,anime,thriller,dulce,rock,terror,seco
35,tarde,alta,0.76,0.42,0.61,series largas,thriller,seco,rock,terror,bajo en acidez
26,manana,baja,0.59,0.54,0.4,series largas,no ficcion,seco,jazz,drama,bajo en acidez
18,manana,baja,0.74,0.6,0.45,anime,fantasia,dulce,pop,terror,bajo en acidez
18,manana,media,0.71,0.75,0.23,series largas,romance,bajo en acidez,jazz,comedia,bajo en acidez
45,tarde,media,0.51,0.52,0.35,documentales,no ficcion,seco,jazz,drama,seco
18,manana,alta,0.72,1.0,0.45,series cortas,romance,afrutado,pop,comedia,afrutado
30,tarde,media,0.72,0.67,0.85,peliculas,fantasia,dulce,electronica,accion,afrutado
25,tarde,media,0.63,0.7,0.63,documentales,fantasia,seco,pop,comedia,dulce
19,manana,media,0.77,0.48,0.59,peliculas,ciencia ficcion,seco,reggaeton,terror,dulce
37,manana,media,0.39,0.47,0.61,series largas,no ficcion,seco,reggaeton,accion,bajo en acidez
31,tarde,alta,0.69,0.0,0.82,peliculas,thriller,seco,rock,terror,espumoso
43,manana,media,0.49,0.63,0.42,peliculas,no ficcion,seco,jazz,terror,bajo en acidez
37,noche,media,0.94,0.35,0.53,documentales,ciencia ficcion,seco,rock,terror,bajo en acidez
42,noche,media,0.64,0.4,0.53,documentales,no ficcion,seco,reggaeton,drama,seco
50,manana,alta,0.9,0.62,0.4,documentales,no ficcion,bajo en acidez,jazz,drama,bajo en acidez
29,manana,media,0.52,0.55,0.26,documentales,no ficcion,bajo en acidez,jazz,drama,bajo en acidez
29,noche,alta,0.86,0.35,0.75,series largas,thriller,espumoso,rock,terror,espumoso
27,noche,alta,0.72,0.49,0.59,series cortas,ciencia ficcion,afrutado,electronica,terror,espumoso
34,manana,media,0.59,0.24,0.6,peliculas,thriller,seco,rock,terror,dulce
18,manana,media,0.77,0.55,0.36,series cortas,no ficcion,bajo en acidez,reggaeton,drama,bajo en acidez
38,noche,alta,0.82,0.27,0.37,peliculas,ciencia ficcion,seco,electronica,drama,seco
34,tarde,media,0.82,0.82,0.4,series cortas,romance,dulce,reggaeton,comedia,bajo en acidez
52,tarde,media,0.77,0.38,0.39,series largas,no ficcion,seco,jazz,drama,seco
25,tarde,alta,0.77,0.49,0.81,documentales,ciencia ficcion,espumoso,reggaeton,terror,espumoso
30,manana,baja,0.79,0.65,0.69,anime,fantasia,seco,pop,ciencia ficcion,dulce
18,tarde,media,0.78,0.6,0.33,series largas,romance,bajo en acidez,reggaeton,terror,bajo en acidez
36,noche,alta,0.78,0.7,0.39,series largas,romance,bajo en acidez,jazz,terror,dulce
32,tarde,alta,0.84,0.55,0.57,series largas,ciencia ficcion,seco,reggaeton,ciencia ficcion,seco
36,tarde,alta,0.89,0.41,0.61,peliculas,ciencia ficcion,dulce,rock,ciencia ficcion,afrutado
25,manana,baja,0.98,0.67,0.69,documentales,ciencia ficcion,dulce,pop,accion,seco
56,manana,baja,0.66,0.32,0.43,documentales,no ficcion,seco,jazz,drama,seco
41,tarde,alta,0.89,0.34,0.53,documentales,no ficcion,seco,rock,drama,seco
24,manana,alta,0.9,0.35,0.77,peliculas,ciencia ficcion,espumoso,electronica,accion,espumoso
55,manana,baja,0.9,0.69,0.25,series largas,no ficcion,bajo en acidez,jazz,drama,bajo en acidez
18,noche,media,0.82,0.74,0.48,documentales,romance,afrutado,pop,comedia,afrutado
51,noche,alta,0.88,0.33,0.26,documentales,no ficcion,seco,jazz,drama,seco
30,noche,media,0.88,0.55,0.6,peliculas,ciencia ficcion,espumoso,electronica,ciencia ficcion,espumoso
28,noche,alta,0.78,0.36,0.82,series largas,thriller,espumoso,rock,terror,espumoso
25,noche,media,0.77,0.41,0.77,series cortas,thriller,espumoso,electronica,terror,espumoso
23,noche,media,0.61,0.69,0.53,series cortas,romance,afrutado,pop,comedia,afrutado
29,manana,alta,0.89,0.38,0.78,series largas,thriller,espumoso,electronica,terror,espumoso
26,tarde,alta,0.67,0.4,0.99,series cortas,thriller,espumoso,electronica,terror,espumoso
32,tarde,baja,0.74,0.4,0.66,series largas,thriller,afrutado,rock,accion,afrutado
28,noche,media,0.76,0.57,0.17,series cortas,romance,bajo en acidez,jazz,drama,bajo en acidez
28,noche,media,0.9,0.53,0.66,series cortas,fantasia,espumoso,electronica,ciencia ficcion,espumoso
39,noche,baja,1.0,0.46,0.35,peliculas,romance,seco,jazz,drama,afrutado
44,manana,media,0.68,0.46,0.41,documentales,no ficcion,seco,jazz,drama,seco
31,tarde,baja,0.63,0.54,0.41,documentales,no ficcion,bajo en acidez,jazz,drama,bajo en acidez
27,manana,baja,0.63,0.67,0.37,series cortas,no ficcion,bajo en acidez,jazz,accion,afrutado
25,noche,alta,0.7,0.75,0.36,series largas,romance,bajo en acidez,electronica,comedia,afrutado
41,tarde,media,0.89,0.57,0.48,documentales,no ficcion,bajo en acidez,reggaeton,ciencia ficcion,bajo en acidez
31,tarde,media,0.8,0.7,0.36,documentales,romance,afrutado,electronica,terror,afrutado
18,noche,media,0.83,0.48,0.47,peliculas,fantasia,bajo en acidez,reggaeton,terror,bajo en acidez
29,manana,alta,0.53,0.5,0.7,peliculas,thriller,seco,reggaeton,ciencia ficcion,seco
48,manana,alta,0.66,0.6,0.34,anime,no ficcion,bajo en acidez,jazz,drama,bajo en acidez
27,tarde,media,0.79,0.52,0.66,series largas,ciencia ficcion,dulce,reggaeton,accion,espumoso
36,tarde,alta,0.71,0.62,0.69,series largas,no ficcion,espumoso,reggaeton,ciencia ficcion,espumoso
22,tarde,alta,0.85,0.54,0.77,anime,ciencia ficcion,afrutado,electronica,ciencia ficcion,dulce
33,tarde,media,0.75,0.75,0.34,peliculas,romance,bajo en acidez,jazz,comedia,bajo en acidez
26,noche,media,0.96,0.45,0.51,anime,fantasia,dulce,electronica,accion,dulce
21,noche,alta,0.88,0.4,0.82,peliculas,thriller,espumoso,reggaeton,accion,espumoso
38,manana,media,0.64,0.48,0.49,documentales,no ficcion,seco,electronica,drama,bajo en acidez
24,manana,alta,0.65,0.59,0.6,peliculas,ciencia ficcion,afrutado,pop,terror,bajo en acidez
18,noche,media,0.76,0.62,0.76,peliculas,fantasia,dulce,reggaeton,accion,dulce
32,noche,media,0.61,0.46,0.61,peliculas,fantasia,bajo en acidez,reggaeton,ciencia ficcion,bajo en acidez
22,tarde,media,0.45,0.64,0.66,peliculas,fantasia,afrutado,pop,comedia,afrutado
42,tarde,baja,0.48,0.75,0.36,documentales,no ficcion,bajo en acidez,jazz,comedia,bajo en acidez
18,noche,media,0.81,0.69,0.44,anime,fantasia,afrutado,pop,terror,afrutado
25,noche,media,0.66,0.8,0.39,documentales,romance,dulce,reggaeton,comedia,dulce
25,noche,alta,0.66,0.79,0.7,series largas,fantasia,dulce,pop,comedia,afrutado
26,manana,media,0.69,0.83,0.46,series cortas,romance,afrutado,reggaeton,comedia,afrutado
18,noche,alta,0.56,0.88,0.48,documentales,romance,afrutado,pop,comedia,afrutado
20,tarde,alta,0.74,0.75,0.47,series cortas,romance,afrutado,pop,comedia,afrutado
25,noche,baja,0.86,0.66,0.63,documentales,ciencia ficcion,dulce,reggaeton,ciencia ficcion,dulce
34,tarde,media,0.77,0.33,0.7,series cortas,thriller,seco,rock,ciencia ficcion,afrutado
40,noche,baja,0.48,0.55,0.58,anime,no ficcion,seco,reggaeton,terror,seco
23,tarde,alta,0.98,0.47,0.66,documentales,ciencia ficcion,espumoso,reggaeton,accion,espumoso
25,manana,alta,0.66,0.76,0.58,documentales,romance,afrutado,reggaeton,comedia,afrutado
20,noche,media,0.77,0.77,0.7,series cortas,romance,dulce,reggaeton,comedia,dulce
23,noche,media,0.64,0.62,0.57,anime,romance,dulce,pop,accion,dulce
28,manana,baja,0.76,0.51,0.53,peliculas,no ficcion,bajo en acidez,electronica,terror,dulce
18,noche,alta,0.89,0.51,0.71,documentales,fantasia,espumoso,electronica,ciencia ficcion,espumoso
23,tarde,alta,1.0,0.6,0.49,peliculas,ciencia ficcion,afrutado,electronica,ciencia ficcion,afrutado
26,noche,media,0.77,0.5,0.69,anime,fantasia,espumoso,electronica,terror,espumoso
18,noche,media,0.72,0.84,0.51,peliculas,romance,afrutado,pop,comedia,afrutado
24,manana,alta,0.95,0.37,0.56,documentales,ciencia ficcion,afrutado,reggaeton,accion,afrutado
31,tarde,alta,0.72,0.46,0.47,documentales,no ficcion,bajo en acidez,reggaeton,drama,bajo en acidez
37,noche,alta,0.76,0.56,0.74,documentales,thriller,espumoso,rock,ciencia ficcion,espumoso
33,noche,alta,0.64,0.93,0.41,series cortas,romance,afrutado,reggaeton,comedia,afrutado
28,tarde,alta,0.8,0.85,0.26,series largas,romance,afrutado,electronica,comedia,afrutado
34,manana,media,0.61,0.47,0.08,series largas,no ficcion,seco,jazz,drama,bajo en acidez
24,manana,media,0.89,0.69,0.66,series cortas,fantasia,dulce,reggaeton,ciencia ficcion,seco
58,tarde,baja,0.64,0.81,0.39,documentales,no ficcion,bajo en acidez,jazz,drama,bajo en acidez
44,manana,baja,0.8,0.5,0.29,documentales,no ficcion,bajo en acidez,jazz,drama,dulce
25,tarde,media,0.92,0.74,0.46,anime,fantasia,afrutado,pop,comedia,afrutado
31,manana,alta,0.79,0.46,0.54,series largas,thriller,bajo en acidez,reggaeton,accion,espumoso
22,tarde,media,0.67,0.75,0.38,peliculas,romance,afrutado,electronica,comedia,afrutado
34,noche,media,0.85,0.59,0.76,anime,ciencia ficcion,espumoso,rock,ciencia ficcion,espumoso
27,tarde,alta,0.67,0.79,0.6,series largas,romance,afrutado,pop,comedia,afrutado
27,noche,baja,0.72,1.0,0.42,peliculas,romance,dulce,pop,comedia,afrutado
23,noche,baja,1.0,0.78,0.68,peliculas,fantasia,dulce,pop,accion,afrutado
35,tarde,alta,0.76,0.48,0.75,series largas,thriller,espumoso,rock,accion,espumoso
34,noche,alta,0.68,0.38,0.55,series cortas,thriller,seco,electronica,ciencia ficcion,bajo en acidez
25,noche,baja,0.88,0.34,0.52,peliculas,ciencia ficcion,bajo en acidez,rock,ciencia ficcion,afrutado
22,tarde,alta,0.58,0.74,0.49,peliculas,fantasia,dulce,pop,comedia,seco
37,noche,baja,0.81,0.4,0.62,series largas,ciencia ficcion,seco,rock,ciencia ficcion,afrutado
41,tarde,alta,0.45,0.6,0.48,series largas,no ficcion,bajo en acidez,jazz,terror,bajo en acidez
30,tarde,alta,0.96,0.47,0.65,peliculas,ciencia ficcion,espumoso,electronica,ciencia ficcion,espumoso
26,noche,alta,1.0,0.44,0.76,series largas,thriller,afrutado,reggaeton,accion,espumoso
25,noche,media,0.53,0.59,0.49,peliculas,no ficcion,afrutado,electronica,terror,bajo en acidez
54,noche,media,0.94,0.59,0.61,documentales,ciencia ficcion,seco,rock,ciencia ficcion,espumoso
44,manana,alta,0.76,0.38,0.35,documentales,no ficcion,seco,jazz,drama,seco
36,manana,alta,0.87,0.78,0.64,series largas,thriller,espumoso,reggaeton,ciencia ficcion,espumoso
26,noche,alta,0.53,0.41,0.61,series cortas,thriller,bajo en acidez,reggaeton,terror,bajo en acidez
40,manana,media,0.8,0.71,0.4,anime,no ficcion,bajo en acidez,jazz,drama,bajo en acidez
56,noche,media,0.57,0.47,0.6,documentales,no ficcion,dulce,electronica,drama,dulce
24,manana,alta,0.86,0.61,0.61,series cortas,fantasia,dulce,pop,ciencia ficcion,dulce
40,tarde,baja,0.79,0.7,0.51,peliculas,romance,dulce,reggaeton,accion,dulce
21,noche,alta,0.66,0.46,0.57,anime,fantasia,bajo en acidez,reggaeton,ciencia ficcion,bajo en acidez
32,noche,alta,0.61,0.66,0.42,documentales,romance,seco,jazz,terror,seco
35,manana,media,0.76,0.36,0.37,series cortas,no ficcion,seco,jazz,drama,dulce
29,manana,alta,0.82,0.77,0.49,peliculas,fantasia,afrutado,pop,comedia,afrutado
27,noche,media,0.71,0.98,0.48,peliculas,romance,dulce,pop,comedia,afrutado
26,tarde,alta,0.77,0.65,0.38,peliculas,fantasia,afrutado,reggaeton,accion,afrutado
41,manana,baja,0.43,0.26,0.27,documentales,no ficcion,seco,jazz,drama,seco
32,tarde,media,0.99,0.45,0.84,series largas,thriller,espumoso,rock,accion,espumoso
59,tarde,media,0.65,0.66,0.41,documentales,no ficcion,seco,jazz,drama,seco
36,manana,media,0.67,0.51,0.79,peliculas,thriller,espumoso,rock,accion,espumoso
29,noche,media,0.93,0.41,0.47,peliculas,ciencia ficcion,bajo en acidez,reggaeton,drama,bajo en acidez
25,manana,alta,0.6,0.89,0.42,peliculas,romance,dulce,electronica,comedia,afrutado
51,noche,media,0.65,0.49,0.32,documentales,no ficcion,dulce,jazz,drama,seco
26,noche,alta,1.0,0.65,0.73,peliculas,ciencia ficcion,seco,reggaeton,accion,seco
18,manana,media,0.71,0.72,0.45,series largas,romance,dulce,electronica,comedia,dulce
34,manana,media,0.86,0.27,0.28,documentales,no ficcion,dulce,jazz,drama,seco
37,noche,media,1.0,0.34,0.63,series cortas,ciencia ficcion,espumoso,rock,ciencia ficcion,afrutado
27,noche,media,0.89,0.46,0.78,peliculas,ciencia ficcion,espumoso,electronica,ciencia ficcion,espumoso
27,noche,alta,0.7,0.32,0.57,peliculas,thriller,seco,rock,ciencia ficcion,seco
29,noche,media,0.63,0.43,0.64,documentales,thriller,bajo en acidez,rock,terror,bajo en acidez
26,noche,media,0.73,0.82,0.37,series largas,romance,dulce,electronica,comedia,afrutado
42,manana,baja,0.51,0.71,0.35,series cortas,no ficcion,bajo en acidez,jazz,terror,bajo en acidez
29,noche,alta,0.96,0.47,0.58,series cortas,thriller,afrutado,reggaeton,ciencia ficcion,espumoso
27,noche,alta,0.64,0.69,0.56,peliculas,romance,afrutado,reggaeton,comedia,afrutado
37,noche,alta,0.89,0.4,0.74,peliculas,thriller,espumoso,electronica,accion,espumoso
18,tarde,media,0.47,0.81,0.51,series largas,romance,afrutado,electronica,comedia,bajo en acidez
36,manana,baja,0.98,0.57,0.59,peliculas,ciencia ficcion,espumoso,rock,accion,espumoso
18,noche,baja,0.86,0.63,0.62,series largas,fantasia,dulce,pop,ciencia ficcion,dulce
29,tarde,media,0.44,0.68,0.54,series largas,romance,bajo en acidez,reggaeton,comedia,bajo en acidez
21,tarde,media,0.84,0.3,0.63,series largas,thriller,afrutado,rock,terror,dulce
34,tarde,media,0.66,0.4,0.86,documentales,ciencia ficcion,espumoso,rock,terror,espumoso
32,tarde,media,0.95,0.17,0.71,series largas,thriller,seco,rock,accion,dulce
24,noche,alta,0.6,0.5,0.69,series cortas,thriller,dulce,reggaeton,terror,seco
30,noche,media,0.63,0.88,0.23,anime,romance,bajo en acidez,jazz,comedia,bajo en acidez
29,manana,alta,0.76,0.41,0.84,series largas,thriller,espumoso,rock,accion,espumoso
41,manana,baja,0.8,0.42,0.35,documentales,no ficcion,seco,jazz,drama,seco
20,tarde,media,0.9,0.54,0.65,anime,fantasia,afrutado,reggaeton,ciencia ficcion,dulce
18,tarde,alta,0.74,0.31,0.6,series largas,no ficcion,afrutado,rock,terror,dulce
18,tarde,media,0.6,0.62,0.72,series cortas,romance,afrutado,electronica,accion,afrutado
23,tarde,media,0.79,0.86,0.72,documentales,romance,dulce,pop,accion,afrutado
31,tarde,media,0.82,0.57,0.69,documentales,ciencia ficcion,espumoso,reggaeton,accion,espumoso
40,manana,alta,0.63,0.61,0.36,documentales,no ficcion,bajo en acidez,jazz,drama,bajo en acidez
38,noche,baja,0.59,0.65,0.33,peliculas,no ficcion,bajo en acidez,jazz,drama,bajo en acidez
24,noche,alta,0.66,0.41,0.53,documentales,thriller,bajo en acidez,reggaeton,ciencia ficcion,bajo en acidez
19,tarde,media,0.66,0.88,0.53,documentales,fantasia,afrutado,pop,comedia,dulce
22,manana,media,0.73,0.63,0.62,anime,ciencia ficcion,dulce,pop,accion,dulce
26,manana,alta,0.85,0.39,0.63,peliculas,thriller,espumoso,reggaeton,ciencia ficcion,dulce
37,tarde,alta,0.58,0.64,0.57,peliculas,romance,seco,electronica,terror,afrutado
41,noche,media,0.83,0.87,0.38,anime,romance,bajo en acidez,jazz,comedia,bajo en acidez
53,tarde,baja,0.86,0.44,0.32,series cortas,no ficcion,dulce,jazz,drama,seco
18,manana,alta,0.71,0.71,0.74,anime,fantasia,seco,electronica,comedia,afrutado
32,tarde,media,0.6,0.75,0.4,documentales,romance,bajo en acidez,jazz,comedia,seco
26,tarde,media,0.78,0.77,0.55,peliculas,fantasia,dulce,pop,accion,dulce
32,tarde,alta,0.57,0.77,0.2,series cortas,romance,bajo en acidez,jazz,accion,bajo en acidez
27,tarde,media,0.79,0.66,0.75,peliculas,ciencia ficcion,dulce,reggaeton,accion,afrutado
41,tarde,media,0.78,0.22,0.85,documentales,thriller,seco,rock,terror,espumoso
49,manana,alta,0.83,0.5,0.38,peliculas,no ficcion,seco,jazz,drama,dulce
33,tarde,media,0.72,0.76,0.64,documentales,romance,seco,pop,comedia,afrutado
33,tarde,alta,0.96,0.57,0.82,documentales,ciencia ficcion,espumoso,reggaeton,accion,espumoso
26,noche,alta,0.65,0.31,0.8,series largas,thriller,dulce,electronica,terror,dulce
35,tarde,alta,0.85,0.35,0.72,anime,thriller,espumoso,rock,terror,espumoso
30,tarde,media,0.8,0.63,0.4,anime,fantasia,bajo en acidez,reggaeton,drama,dulce
28,noche,alta,0.69,0.39,0.65,series cortas,thriller,seco,rock,terror,dulce
24,tarde,media,0.65,0.59,0.6,anime,fantasia,dulce,reggaeton,accion,bajo en acidez
21,noche,media,0.77,0.46,0.64,documentales,ciencia ficcion,dulce,electronica,ciencia ficcion,dulce
24,noche,media,0.9,0.58,0.64,series largas,fantasia,afrutado,reggaeton,ciencia ficcion,afrutado
42,tarde,media,0.91,0.87,0.64,series largas,romance,espumoso,pop,comedia,espumoso
18,tarde,baja,0.73,0.77,0.43,documentales,romance,afrutado,pop,comedia,afrutado
29,manana,alta,0.67,0.63,0.39,series largas,romance,bajo en acidez,jazz,accion,afrutado
26,noche,media,0.76,0.66,0.42,anime,fantasia,bajo en acidez,reggaeton,accion,dulce
32,noche,media,0.98,0.56,0.52,documentales,romance,espumoso,reggaeton,terror,afrutado
36,tarde,alta,1.0,0.68,0.67,documentales,ciencia ficcion,espumoso,pop,terror,espumoso
22,manana,media,0.97,0.65,0.52,peliculas,romance,seco,reggaeton,accion,dulce
31,noche,media,0.69,0.59,0.38,documentales,no ficcion,bajo en acidez,jazz,drama,bajo en acidez
48,manana,media,0.7,0.58,0.35,peliculas,no ficcion,bajo en acidez,jazz,drama,bajo en acidez
18,noche,alta,0.62,0.71,0.71,peliculas,fantasia,afrutado,pop,comedia,afrutado
34,manana,alta,0.94,0.5,0.7,series cortas,ciencia ficcion,espumoso,rock,accion,espumoso
37,noche,alta,0.98,0.39,0.64,documentales,ciencia ficcion,espumoso,rock,accion,afrutado
37,tarde,media,0.6,0.69,0.43,anime,romance,bajo en acidez,jazz,accion,seco
34,noche,alta,0.9,0.51,0.75,anime,ciencia ficcion,espumoso,rock,ciencia ficcion,espumoso
33,tarde,media,0.76,0.42,0.56,documentales,no ficcion,bajo en acidez,rock,accion,bajo en acidez
34,tarde,media,0.85,0.38,0.61,series largas,ciencia ficcion,afrutado,rock,terror,afrutado
30,noche,alta,0.83,0.27,0.66,series largas,thriller,seco,rock,terror,seco
42,noche,alta,0.89,0.26,0.71,series largas,thriller,dulce,rock,ciencia ficcion,dulce
34,tarde,alta,0.92,0.35,0.69,anime,ciencia ficcion,espumoso,rock,terror,espumoso
32,tarde,alta,0.63,0.29,0.75,anime,ciencia ficcion,dulce,rock,terror,dulce
28,tarde,baja,1.0,0.31,0.48,series cortas,ciencia ficcion,bajo en acidez,rock,terror,bajo en acidez
41,manana,alta,0.88,0.58,0.7,peliculas,ciencia ficcion,espumoso,rock,accion,espumoso
30,noche,baja,0.94,0.73,0.63,series largas,fantasia,afrutado,pop,terror,afrutado
36,noche,media,0.63,0.67,0.29,anime,no ficcion,bajo en acidez,jazz,drama,bajo en acidez
30,tarde,baja,0.87,0.98,0.63,anime,romance,dulce,pop,comedia,dulce
28,noche,alta,0.91,0.51,0.7,documentales,ciencia ficcion,espumoso,reggaeton,terror,espumoso
38,manana,baja,0.68,0.5,0.45,peliculas,no ficcion,bajo en acidez,jazz,drama,bajo en acidez
18,noche,alta,1.0,0.67,0.76,documentales,ciencia ficcion,dulce,electronica,accion,dulce
32,tarde,alta,0.97,0.48,0.64,anime,ciencia ficcion,dulce,rock,accion,afrutado
23,manana,alta,0.86,0.82,0.62,documentales,ciencia ficcion,afrutado,reggaeton,comedia,dulce
39,manana,alta,0.75,0.44,0.83,anime,ciencia ficcion,espumoso,rock,terror,espumoso
21,noche,alta,0.73,0.65,0.64,series largas,fantasia,afrutado,pop,terror,afrutado
18,noche,media,0.94,0.3,0.55,series largas,ciencia ficcion,dulce,reggaeton,terror,dulce
32,noche,media,0.61,0.41,0.61,peliculas,ciencia ficcion,seco,reggaeton,ciencia ficcion,bajo en acidez
31,tarde,media,0.65,0.69,0.4,peliculas,romance,bajo en acidez,electronica,comedia,dulce
31,noche,media,0.7,0.46,0.68,series largas,romance,espumoso,rock,ciencia ficcion,seco
21,noche,alta,0.83,0.8,0.51,anime,fantasia,dulce,pop,comedia,dulce
20,tarde,media,0.61,0.54,0.53,documentales,romance,seco,pop,accion,bajo en acidez
30,tarde,media,0.6,0.28,0.68,peliculas,thriller,dulce,rock,terror,dulce
38,noche,media,0.67,0.41,0.45,series largas,thriller,bajo en acidez,reggaeton,drama,bajo en acidez
38,noche,alta,0.71,0.77,0.34,series largas,romance,bajo en acidez,jazz,comedia,bajo en acidez
38,manana,media,1.0,0.69,0.87,series largas,fantasia,espumoso,rock,ciencia ficcion,espumoso
33,tarde,baja,0.85,0.57,0.37,anime,fantasia,bajo en acidez,jazz,drama,bajo en acidez
30,noche,media,0.91,0.48,0.44,series cortas,ciencia ficcion,bajo en acidez,reggaeton,drama,bajo en acidez
18,noche,media,0.76,0.81,0.46,peliculas,romance,dulce,pop,comedia,dulce
31,tarde,media,0.81,0.42,0.87,anime,ciencia ficcion,espumoso,rock,accion,espumoso
19,tarde,alta,1.0,0.78,0.81,anime,fantasia,dulce,electronica,accion,dulce
30,noche,media,0.77,0.52,0.71,documentales,thriller,dulce,electronica,ciencia ficcion,dulce
33,tarde,alta,0.81,0.39,0.73,peliculas,fantasia,espumoso,rock,terror,espumoso
29,manana,baja,0.72,0.78,0.45,peliculas,romance,afrutado,pop,comedia,afrutado
22,noche,alta,0.88,0.62,0.66,anime,fantasia,afrutado,reggaeton,ciencia ficcion,afrutado
23,tarde,alta,0.84,0.63,0.69,anime,fantasia,dulce,pop,accion,dulce
33,manana,alta,0.66,0.39,0.52,series cortas,thriller,bajo en acidez,reggaeton,drama,bajo en acidez
19,tarde,alta,0.62,0.87,0.62,peliculas,romance,dulce,pop,comedia,afrutado
30,noche,media,0.9,0.52,0.73,anime,fantasia,espumoso,reggaeton,accion,espumoso
45,manana,alta,1.0,0.47,0.94,peliculas,ciencia ficcion,espumoso,rock,ciencia ficcion,dulce
27,manana,baja,0.49,0.55,0.49,documentales,no ficcion,bajo en acidez,reggaeton,accion,bajo en acidez
25,manana,media,0.7,0.59,0.5,anime,ciencia ficcion,bajo en acidez,pop,ciencia ficcion,afrutado
21,noche,alta,0.91,0.35,0.68,anime,ciencia ficcion,espumoso,electronica,terror,espumoso
28,tarde,alta,0.88,0.35,0.69,series largas,ciencia ficcion,espumoso,rock,accion,espumoso
29,noche,alta,1.0,0.26,0.63,peliculas,thriller,espumoso,rock,terror,seco
34,tarde,media,0.69,0.37,0.54,series largas,thriller,bajo en acidez,electronica,ciencia ficcion,bajo en acidez
25,tarde,media,1.0,0.88,0.47,series cortas,romance,afrutado,pop,comedia,afrutado
25,noche,media,0.73,0.57,0.64,series largas,ciencia ficcion,afrutado,pop,ciencia ficcion,afrutado
24,manana,media,0.91,0.56,0.81,documentales,ciencia ficcion,seco,reggaeton,ciencia ficcion,espumoso
44,noche,media,0.74,0.52,0.45,documentales,no ficcion,seco,jazz,drama,seco
35,noche,alta,0.83,0.28,0.57,series cortas,thriller,seco,rock,terror,seco
40,noche,alta,0.53,0.61,0.18,documentales,no ficcion,bajo en acidez,jazz,drama,bajo en acidez
33,noche,alta,0.89,0.28,0.67,series cortas,thriller,seco,rock,terror,seco
30,noche,alta,0.78,0.56,0.4,series largas,romance,bajo en acidez,electronica,drama,bajo en acidez
46,manana,media,0.62,0.38,0.47,documentales,no ficcion,dulce,jazz,drama,dulce
30,noche,media,1.0,0.36,0.55,series largas,thriller,dulce,rock,ciencia ficcion,dulce
18,noche,alta,0.75,0.73,0.31,series largas,romance,bajo en acidez,reggaeton,comedia,bajo en acidez
23,noche,media,0.68,0.47,0.56,series largas,thriller,bajo en acidez,electronica,accion,bajo en acidez
18,noche,alta,0.46,0.83,0.49,peliculas,romance,afrutado,reggaeton,comedia,afrutado
23,noche,baja,1.0,0.51,0.54,documentales,ciencia ficcion,afrutado,reggaeton,terror,afrutado
29,noche,media,0.48,0.69,0.38,series cortas,romance,bajo en acidez,jazz,comedia,bajo en acidez
27,noche,alta,0.98,0.63,0.67,series largas,thriller,seco,electronica,accion,seco
29,tarde,baja,0.89,0.75,0.43,series largas,ciencia ficcion,afrutado,electronica,comedia,afrutado
35,tarde,alta,0.95,0.42,0.66,documentales,ciencia ficcion,espumoso,rock,ciencia ficcion,espumoso
25,noche,alta,0.61,0.57,0.84,series largas,thriller,afrutado,reggaeton,terror,afrutado
36,manana,alta,0.91,0.59,0.64,documentales,ciencia ficcion,espumoso,rock,ciencia ficcion,espumoso
37,tarde,media,0.91,0.36,0.78,peliculas,thriller,espumoso,rock,terror,espumoso
34,noche,alta,0.86,0.43,0.75,series largas,thriller,espumoso,rock,ciencia ficcion,espumoso
27,tarde,alta,0.96,0.85,0.6,series largas,fantasia,dulce,pop,accion,afrutado
40,tarde,alta,0.8,0.28,0.69,documentales,thriller,dulce,rock,terror,dulce
22,noche,alta,0.64,0.94,0.49,anime,romance,afrutado,pop,comedia,afrutado
41,tarde,media,0.61,0.45,0.58,documentales,no ficcion,seco,reggaeton,ciencia ficcion,dulce
31,tarde,alta,0.8,0.19,0.72,series cortas,thriller,dulce,rock,terror,dulce
25,manana,media,0.93,0.76,0.99,documentales,fantasia,dulce,reggaeton,accion,seco
34,noche,media,0.94,0.3,0.7,series largas,thriller,espumoso,rock,accion,espumoso
24,noche,alta,1.0,0.31,0.78,anime,thriller,afrutado,electronica,terror,espumoso
32,noche,alta,0.7,0.38,0.74,series cortas,thriller,espumoso,rock,ciencia ficcion,espumoso
21,noche,alta,0.85,0.53,0.49,series largas,fantasia,afrutado,pop,accion,afrutado
25,tarde,media,0.77,0.47,0.72,documentales,ciencia ficcion,espumoso,electronica,accion,espumoso
34,noche,alta,0.87,0.43,0.53,series largas,thriller,dulce,rock,accion,bajo en acidez
57,tarde,baja,0.65,0.39,0.44,documentales,no ficcion,seco,jazz,drama,seco
57,noche,baja,0.47,0.29,0.59,series largas,no ficcion,seco,reggaeton,drama,seco
21,tarde,alta,0.55,0.84,0.34,series largas,romance,bajo en acidez,reggaeton,comedia,afrutado
29,manana,alta,0.83,0.38,0.91,series cortas,thriller,espumoso,reggaeton,accion,espumoso
18,noche,alta,0.88,0.49,0.8,anime,fantasia,espumoso,electronica,ciencia ficcion,espumoso
42,tarde,alta,0.69,0.7,0.48,documentales,romance,bajo en acidez,jazz,terror,bajo en acidez
25,noche,media,0.73,0.63,0.25,series largas,romance,bajo en acidez,jazz,drama,bajo en acidez
20,noche,media,0.8,0.49,0.27,documentales,no ficcion,bajo en acidez,jazz,drama,bajo en acidez
30,noche,alta,0.82,0.39,0.6,series largas,ciencia ficcion,dulce,rock,ciencia ficcion,dulce
35,manana,alta,0.8,0.33,0.67,peliculas,thriller,seco,rock,ciencia ficcion,afrutado
65,tarde,alta,0.72,0.42,0.54,documentales,no ficcion,seco,jazz,drama,seco
18,tarde,alta,0.83,0.72,0.73,anime,fantasia,afrutado,pop,accion,dulce
41,noche,baja,0.81,0.37,0.99,anime,thriller,espumoso,rock,accion,espumoso
35,noche,alta,0.83,0.26,0.75,series largas,thriller,espumoso,rock,terror,espumoso
21,noche,alta,0.7,0.56,0.64,peliculas,fantasia,seco,reggaeton,accion,dulce
37,tarde,baja,0.75,0.2,0.67,documentales,thriller,seco,rock,terror,seco
34,manana,media,1.0,0.3,0.81,anime,ciencia ficcion,espumoso,rock,ciencia ficcion,espumoso
30,manana,alta,0.67,0.57,0.63,series cortas,thriller,afrutado,pop,accion,bajo en acidez
28,noche,alta,0.74,0.48,0.72,anime,ciencia ficcion,espumoso,electronica,accion,espumoso
24,noche,media,0.9,0.62,0.61,series largas,ciencia ficcion,dulce,pop,ciencia ficcion,dulce
24,manana,media,0.86,0.54,0.67,peliculas,fantasia,espumoso,electronica,ciencia ficcion,espumoso
18,manana,alta,0.59,0.39,0.43,series largas,no ficcion,bajo en acidez,electronica,terror,bajo en acidez
29,noche,baja,0.86,0.53,0.74,series largas,thriller,espumoso,reggaeton,accion,espumoso
29,noche,alta,0.9,0.74,0.62,series cortas,ciencia ficcion,afrutado,pop,accion,afrutado
30,manana,media,0.98,0.48,0.86,documentales,ciencia ficcion,espumoso,electronica,accion,espumoso
36,manana,alta,0.82,0.66,0.56,series cortas,ciencia ficcion,espumoso,reggaeton,ciencia ficcion,espumoso
19,tarde,media,0.75,0.54,0.35,anime,fantasia,bajo en acidez,reggaeton,drama,bajo en acidez
32,noche,media,0.73,0.47,0.57,series largas,fantasia,bajo en acidez,electronica,ciencia ficcion,bajo en acidez
41,tarde,alta,0.55,0.69,0.31,series cortas,no ficcion,bajo en acidez,jazz,drama,bajo en acidez
28,tarde,alta,0.75,0.85,0.38,anime,romance,afrutado,reggaeton,comedia,afrutado
35,noche,media,0.75,0.26,0.64,series largas,thriller,seco,rock,terror,dulce
18,manana,media,1.0,0.31,0.52,series largas,ciencia ficcion,dulce,reggaeton,ciencia ficcion,dulce
29,tarde,baja,0.69,0.34,0.5,series cortas,ciencia ficcion,seco,electronica,drama,dulce
46,manana,alta,0.79,0.57,0.47,peliculas,no ficcion,dulce,jazz,drama,dulce
24,tarde,alta,0.84,0.61,0.52,series cortas,fantasia,dulce,electronica,ciencia ficcion,afrutado
29,noche,media,0.64,0.75,0.33,peliculas,romance,bajo en acidez,jazz,comedia,bajo en acidez
47,manana,baja,0.4,0.34,0.26,documentales,no ficcion,seco,jazz,drama,seco
21,noche,alta,0.8,0.67,0.77,anime,fantasia,afrutado,pop,terror,afrutado
25,manana,media,0.75,0.52,0.65,series cortas,fantasia,afrutado,reggaeton,ciencia ficcion,afrutado
45,manana,alta,0.51,0.75,0.37,series cortas,no ficcion,bajo en acidez,jazz,comedia,bajo en acidez
34,manana,alta,0.59,0.37,0.52,anime,ciencia ficcion,seco,reggaeton,terror,bajo en acidez
25,noche,baja,0.7,0.6,0.33,anime,ciencia ficcion,bajo en acidez,jazz,drama,bajo en acidez
37,noche,baja,0.59,0.4,0.8,peliculas,thriller,espumoso,rock,terror,espumoso
18,noche,baja,0.64,0.62,0.66,series largas,fantasia,dulce,pop,terror,dulce
41,tarde,media,0.86,0.7,0.64,peliculas,ciencia ficcion,espumoso,electronica,ciencia ficcion,espumoso
18,noche,alta,0.9,0.53,0.74,peliculas,ciencia ficcion,dulce,electronica,terror,dulce
37,tarde,media,0.64,0.66,0.84,anime,ciencia ficcion,espumoso,rock,accion,espumoso
36,tarde,media,0.85,0.85,0.53,series cortas,romance,dulce,pop,comedia,bajo en acidez
29,tarde,media,0.79,0.32,0.62,series largas,thriller,seco,rock,accion,seco
29,tarde,alta,1.0,0.61,0.78,documentales,thriller,espumoso,electronica,accion,seco
18,tarde,media,0.82,0.56,0.52,series largas,fantasia,seco,pop,ciencia ficcion,dulce
22,tarde,media,0.53,0.81,0.55,documentales,romance,seco,pop,comedia,afrutado
21,tarde,alta,0.48,0.78,0.38,series largas,romance,bajo en acidez,reggaeton,comedia,afrutado
18,tarde,alta,0.65,0.78,0.48,peliculas,romance,afrutado,electronica,comedia,afrutado
29,noche,alta,0.96,0.48,0.44,series cortas,romance,bajo en acidez,electronica,ciencia ficcion,bajo en acidez
30,noche,alta,0.72,0.28,0.79,anime,ciencia ficcion,espumoso,rock,terror,espumoso
26,tarde,media,0.79,0.63,0.39,series largas,romance,afrutado,electronica,terror,afrutado
32,manana,media,0.6,0.45,0.86,peliculas,thriller,espumoso,rock,accion,espumoso
29,noche,media,0.88,0.39,0.52,series largas,thriller,bajo en acidez,reggaeton,terror,dulce
25,noche,alta,0.69,0.93,0.51,series cortas,romance,afrutado,pop,comedia,afrutado
47,tarde,alta,0.55,0.39,0.36,series cortas,no ficcion,seco,jazz,drama,seco
30,tarde,alta,0.84,0.66,0.52,series largas,fantasia,afrutado,pop,accion,afrutado
35,noche,baja,0.75,0.53,0.31,series largas,romance,bajo en acidez,jazz,drama,bajo en acidez
43,manana,alta,1.0,0.41,0.52,series largas,ciencia ficcion,seco,electronica,drama,dulce
40,tarde,media,0.58,0.62,0.37,series largas,no ficcion,bajo en acidez,jazz,terror,bajo en acidez
30,noche,alta,0.96,0.7,0.77,series cortas,fantasia,seco,electronica,accion,seco
18,tarde,alta,0.71,0.41,0.62,anime,ciencia ficcion,dulce,reggaeton,accion,dulce
20,tarde,baja,0.87,0.31,0.66,peliculas,ciencia ficcion,espumoso,electronica,terror,espumoso
19,noche,alta,0.79,0.6,0.85,peliculas,fantasia,dulce,electronica,accion,afrutado
41,noche,alta,0.9,0.67,0.88,peliculas,thriller,espumoso,rock,accion,espumoso
33,noche,baja,1.0,0.45,0.42,documentales,fantasia,afrutado,reggaeton,drama,afrutado
19,noche,media,0.84,0.69,0.66,anime,fantasia,dulce,pop,accion,afrutado
18,noche,media,0.9,0.58,0.73,anime,ciencia ficcion,dulce,electronica,accion,dulce
37,noche,media,0.62,0.5,0.55,series cortas,no ficcion,seco,electronica,ciencia ficcion,bajo en acidez
27,tarde,baja,0.85,0.93,0.34,anime,romance,afrutado,pop,comedia,afrutado
27,noche,baja,0.81,0.43,0.7,series largas,thriller,espumoso,electronica,terror,espumoso
20,noche,alta,0.7,0.76,0.23,series largas,romance,bajo en acidez,jazz,comedia,bajo en acidez
36,manana,alta,0.91,0.58,0.58,documentales,fantasia,espumoso,reggaeton,ciencia ficcion,espumoso
40,tarde,baja,0.45,0.6,0.24,peliculas,no ficcion,seco,jazz,drama,bajo en acidez
19,tarde,alta,0.83,0.74,0.65,series largas,fantasia,dulce,pop,comedia,dulce
22,tarde,media,0.81,0.67,0.69,series largas,romance,afrutado,pop,accion,dulce
42,noche,alta,0.82,0.59,0.6,peliculas,ciencia ficcion,dulce,rock,ciencia ficcion,espumoso
32,noche,alta,0.84,0.4,0.88,series cortas,thriller,espumoso,rock,accion,espumoso
23,noche,alta,0.7,0.36,0.62,documentales,thriller,afrutado,rock,ciencia ficcion,afrutado
41,manana,baja,0.82,0.48,0.56,series largas,ciencia ficcion,bajo en acidez,rock,terror,dulce
46,tarde,media,0.96,0.42,0.22,series largas,no ficcion,seco,jazz,drama,seco
28,tarde,baja,0.86,0.71,0.61,series cortas,romance,afrutado,pop,ciencia ficcion,afrutado
26,tarde,alta,0.74,0.43,0.65,series largas,thriller,seco,electronica,ciencia ficcion,espumoso
32,tarde,baja,0.71,0.53,0.85,series largas,thriller,espumoso,rock,accion,espumoso
30,noche,alta,0.78,0.27,0.54,peliculas,ciencia ficcion,seco,rock,terror,seco
24,noche,media,1.0,0.45,0.8,anime,ciencia ficcion,espumoso,electronica,accion,espumoso
29,noche,alta,0.86,0.6,0.56,series cortas,ciencia ficcion,dulce,pop,ciencia ficcion,espumoso
26,noche,alta,0.82,0.36,0.7,documentales,ciencia ficcion,dulce,rock,ciencia ficcion,espumoso
29,noche,alta,0.64,0.41,0.51,anime,thriller,seco,electronica,drama,bajo en acidez
42,tarde,media,0.62,0.6,0.5,anime,no ficcion,bajo en acidez,jazz,drama,bajo en acidez
34,manana,media,0.89,0.43,0.68,series cortas,thriller,espumoso,rock,accion,espumoso
18,noche,alta,0.6,0.9,0.56,series cortas,romance,dulce,pop,comedia,afrutado
47,noche,media,0.8,0.42,0.5,peliculas,no ficcion,seco,reggaeton,drama,seco
34,tarde,baja,0.65,0.52,0.37,anime,no ficcion,bajo en acidez,jazz,drama,bajo en acidez
43,manana,baja,0.58,0.54,0.27,documentales,no ficcion,dulce,jazz,terror,dulce
18,manana,alta,0.91,0.82,0.79,anime,fantasia,dulce,reggaeton,terror,dulce
29,tarde,alta,0.71,0.42,0.94,series largas,ciencia ficcion,espumoso,electronica,accion,espumoso
18,noche,media,0.88,0.64,0.61,documentales,fantasia,seco,pop,accion,dulce
21,noche,media,0.84,0.16,0.73,anime,thriller,dulce,rock,terror,dulce
36,noche,media,1.0,0.46,0.92,anime,thriller,espumoso,rock,accion,espumoso
26,tarde,media,0.61,0.64,0.23,peliculas,romance,bajo en acidez,jazz,drama,afrutado
18,noche,media,0.74,0.49,0.48,anime,ciencia ficcion,bajo en acidez,electronica,ciencia ficcion,bajo en acidez
33,noche,alta,0.86,0.18,0.45,peliculas,thriller,seco,rock,drama,seco
28,noche,alta,0.73,0.15,0.77,anime,thriller,dulce,rock,terror,espumoso
18,noche,media,0.49,0.64,0.48,series cortas,romance,bajo en acidez,reggaeton,comedia,bajo en acidez
34,tarde,alta,0.76,0.45,0.82,anime,thriller,espumoso,rock,terror,espumoso
19,manana,media,0.75,0.54,0.43,series largas,ciencia ficcion,dulce,reggaeton,drama,bajo en acidez
44,manana,alta,0.75,0.64,0.37,documentales,no ficcion,bajo en acidez,jazz,drama,bajo en acidez
18,manana,media,0.82,0.44,0.41,anime,ciencia ficcion,bajo en acidez,electronica,accion,bajo en acidez
24,tarde,baja,0.97,0.93,0.59,anime,fantasia,dulce,pop,comedia,afrutado
29,noche,alta,0.88,0.51,0.68,peliculas,thriller,espumoso,electronica,ciencia ficcion,dulce
38,manana,baja,0.84,0.54,0.87,peliculas,ciencia ficcion,espumoso,rock,ciencia ficcion,espumoso
31,noche,media,0.85,0.45,0.53,series largas,thriller,dulce,electronica,ciencia ficcion,dulce
26,manana,alta,0.76,0.33,0.62,documentales,ciencia ficcion,seco,rock,terror,dulce
33,noche,media,0.85,0.43,0.78,anime,ciencia ficcion,espumoso,rock,ciencia ficcion,espumoso
43,tarde,baja,0.63,0.49,0.45,series cortas,no ficcion,bajo en acidez,jazz,drama,seco
36,tarde,media,0.67,0.5,0.48,series largas,no ficcion,bajo en acidez,electronica,terror,bajo en acidez
27,tarde,alta,0.74,0.78,0.36,anime,fantasia,seco,reggaeton,comedia,afrutado
32,noche,alta,0.88,0.4,0.41,documentales,thriller,bajo en acidez,reggaeton,drama,bajo en acidez
29,noche,baja,0.49,0.7,0.5,series largas,romance,afrutado,electronica,comedia,afrutado
51,tarde,media,0.75,0.52,0.36,anime,no ficcion,seco,jazz,drama,seco
26,manana,alta,0.77,0.59,0.73,series cortas,fantasia,afrutado,reggaeton,accion,espumoso
54,manana,alta,0.72,0.47,0.47,anime,no ficcion,seco,jazz,drama,seco
27,tarde,media,0.74,0.34,0.65,peliculas,fantasia,dulce,rock,terror,dulce
24,noche,alta,0.77,0.49,0.4,peliculas,romance,bajo en acidez,reggaeton,drama,bajo en acidez
31,manana,media,0.74,0.49,0.38,series cortas,no ficcion,bajo en acidez,jazz,drama,bajo en acidez
25,noche,alta,0.69,0.49,0.64,anime,fantasia,afrutado,reggaeton,accion,afrutado
28,noche,alta,0.64,0.78,0.67,peliculas,romance,afrutado,pop,comedia,afrutado
39,noche,alta,0.97,0.42,0.49,peliculas,ciencia ficcion,bajo en acidez,rock,ciencia ficcion,bajo en acidez
33,noche,alta,0.57,0.75,0.49,series largas,romance,bajo en acidez,electronica,comedia,bajo en acidez
26,tarde,alta,0.74,0.52,0.79,series largas,thriller,afrutado,reggaeton,ciencia ficcion,espumoso
22,tarde,media,0.8,1.0,0.44,series cortas,romance,dulce,pop,comedia,afrutado
25,tarde,alta,0.77,0.53,0.65,anime,fantasia,afrutado,electronica,ciencia ficcion,afrutado
18,noche,alta,0.71,0.77,0.34,series cortas,romance,seco,reggaeton,comedia,bajo en acidez
33,noche,media,0.95,0.59,0.56,series largas,thriller,espumoso,pop,ciencia ficcion,espumoso
39,manana,media,0.52,0.59,0.59,documentales,no ficcion,bajo en acidez,electronica,accion,afrutado
39,manana,media,0.72,0.45,0.78,peliculas,thriller,espumoso,rock,ciencia ficcion,espumoso
18,noche,media,0.75,0.77,0.58,series largas,romance,dulce,pop,comedia,dulce
27,noche,media,0.75,0.7,0.48,series largas,fantasia,dulce,pop,comedia,dulce
44,manana,media,0.75,0.39,0.35,anime,no ficcion,seco,jazz,terror,seco
36,noche,baja,0.81,0.91,0.48,series cortas,romance,seco,pop,comedia,bajo en acidez
24,manana,alta,0.79,0.43,0.59,series largas,ciencia ficcion,afrutado,reggaeton,ciencia ficcion,afrutado
37,noche,alta,0.73,0.47,0.47,documentales,ciencia ficcion,seco,electronica,drama,bajo en acidez
53,tarde,alta,0.63,0.43,0.38,documentales,no ficcion,seco,jazz,drama,seco
35,tarde,alta,0.79,0.76,0.16,series largas,romance,bajo en acidez,jazz,drama,dulce
26,tarde,alta,0.5,0.48,0.59,series largas,fantasia,bajo en acidez,electronica,ciencia ficcion,bajo en acidez
31,noche,alta,0.9,0.17,0.59,series largas,thriller,seco,rock,terror,seco
36,noche,alta,0.9,0.59,0.61,documentales,ciencia ficcion,espumoso,reggaeton,terror,espumoso
37,manana,media,0.75,0.52,0.75,anime,thriller,espumoso,rock,accion,espumoso
26,noche,baja,1.0,0.59,0.62,anime,fantasia,afrutado,electronica,ciencia ficcion,espumoso
21,noche,baja,0.64,0.79,0.57,peliculas,romance,afrutado,pop,comedia,afrutado
35,manana,media,0.84,0.44,0.55,documentales,no ficcion,seco,rock,ciencia ficcion,seco
36,manana,alta,0.75,0.72,0.61,series cortas,ciencia ficcion,afrutado,pop,comedia,afrutado
29,noche,alta,0.83,0.44,0.68,peliculas,thriller,espumoso,rock,ciencia ficcion,afrutado
36,noche,alta,0.7,0.44,0.72,series cortas,thriller,espumoso,rock,ciencia ficcion,espumoso
34,noche,alta,0.84,0.64,0.73,series cortas,fantasia,espumoso,electronica,ciencia ficcion,espumoso
30,noche,media,0.67,0.51,0.77,documentales,ciencia ficcion,espumoso,electronica,terror,espumoso
23,noche,media,1.0,0.4,0.66,series largas,thriller,espumoso,electronica,ciencia ficcion,espumoso
24,tarde,alta,0.61,0.86,0.54,series largas,romance,dulce,pop,comedia,afrutado
35,manana,alta,0.84,0.82,0.17,peliculas,romance,afrutado,jazz,terror,bajo en acidez
42,tarde,alta,0.81,0.32,0.37,anime,ciencia ficcion,dulce,jazz,drama,seco
32,noche,media,0.69,0.46,0.82,anime,thriller,afrutado,rock,accion,espumoso
23,tarde,media,0.57,0.59,0.39,peliculas,no ficcion,bajo en acidez,jazz,terror,afrutado
32,noche,alta,0.66,0.56,0.65,documentales,ciencia ficcion,afrutado,electronica,ciencia ficcion,bajo en acidez
34,tarde,media,0.6,0.64,0.4,documentales,no ficcion,seco,jazz,terror,seco
45,manana,alta,0.92,0.66,0.65,series cortas,ciencia ficcion,espumoso,rock,accion,espumoso
40,noche,alta,0.87,0.25,0.6,series cortas,thriller,seco,rock,terror,seco
33,noche,alta,0.68,0.3,0.76,anime,thriller,dulce,rock,terror,dulce
38,noche,baja,1.0,0.64,0.91,peliculas,ciencia ficcion,espumoso,rock,accion,espumoso
20,manana,media,0.63,0.77,0.52,anime,fantasia,afrutado,pop,comedia,dulce
40,noche,media,0.87,0.62,0.8,peliculas,thriller,espumoso,rock,accion,espumoso
38,manana,media,0.6,0.36,0.45,documentales,no ficcion,dulce,jazz,drama,dulce
20,noche,alta,0.64,0.48,0.35,documentales,no ficcion,bajo en acidez,jazz,drama,bajo en acidez
18,tarde,media,0.66,0.73,0.5,anime,romance,dulce,pop,comedia,dulce
29,tarde,media,0.81,0.9,0.46,documentales,romance,afrutado,pop,comedia,afrutado
37,noche,baja,0.96,0.39,0.7,anime,thriller,espumoso,rock,ciencia ficcion,espumoso
35,noche,alta,0.71,0.9,0.66,peliculas,romance,afrutado,pop,comedia,espumoso
26,noche,alta,0.67,0.53,0.61,documentales,thriller,afrutado,pop,accion,bajo en acidez
53,manana,baja,0.77,0.53,0.39,series largas,no ficcion,dulce,jazz,drama,dulce
27,tarde,media,0.86,0.69,0.32,series largas,no ficcion,afrutado,reggaeton,accion,afrutado
18,noche,media,0.89,0.66,0.54,anime,fantasia,dulce,pop,ciencia ficcion,dulce
22,noche,media,0.79,0.62,0.34,documentales,romance,bajo en acidez,reggaeton,drama,bajo en acidez
27,tarde,media,0.95,0.79,0.56,series largas,ciencia ficcion,afrutado,pop,comedia,dulce
30,tarde,alta,1.0,0.54,0.51,documentales,fantasia,dulce,electronica,ciencia ficcion,dulce
30,tarde,media,0.7,0.6,0.21,series largas,romance,bajo en acidez,jazz,drama,bajo en acidez
24,noche,alta,0.72,0.76,0.55,documentales,romance,dulce,pop,comedia,afrutado
21,noche,media,0.8,0.49,0.5,documentales,no ficcion,afrutado,electronica,terror,afrutado
32,noche,alta,0.85,0.4,0.59,series largas,thriller,seco,rock,terror,bajo en acidez
37,noche,alta,0.68,0.65,0.78,documentales,thriller,espumoso,rock,accion,espumoso
30,noche,media,0.86,0.81,0.5,series largas,fantasia,dulce,pop,comedia,dulce
33,tarde,baja,1.0,0.59,0.72,anime,thriller,espumoso,electronica,ciencia ficcion,espumoso
30,tarde,media,0.72,0.81,0.53,peliculas,romance,afrutado,pop,comedia,afrutado
43,noche,baja,0.59,0.5,0.41,peliculas,no ficcion,seco,jazz,drama,seco
19,noche,media,0.62,0.33,0.67,series largas,thriller,dulce,electronica,terror,dulce
39,tarde,baja,1.0,0.65,0.68,anime,ciencia ficcion,espumoso,rock,ciencia ficcion,espumoso
27,noche,media,0.57,0.72,0.53,peliculas,romance,dulce,reggaeton,comedia,afrutado
31,noche,alta,0.7,0.6,0.37,series largas,fantasia,bajo en acidez,jazz,drama,bajo en acidez
18,tarde,media,0.72,0.89,0.54,series cortas,romance,dulce,pop,comedia,afrutado
31,noche,baja,0.86,0.3,0.69,series largas,thriller,dulce,rock,ciencia ficcion,afrutado
46,manana,alta,0.62,0.53,0.12,anime,no ficcion,seco,jazz,drama,dulce
26,tarde,alta,0.71,0.65,0.65,anime,fantasia,afrutado,pop,terror,afrutado
43,tarde,baja,0.8,0.62,0.55,documentales,no ficcion,afrutado,reggaeton,ciencia ficcion,espumoso
51,tarde,media,0.7,0.7,0.79,anime,ciencia ficcion,espumoso,rock,terror,espumoso
30,noche,media,0.84,0.41,0.46,series cortas,ciencia ficcion,seco,electronica,drama,bajo en acidez
20,noche,alta,1.0,0.73,0.42,peliculas,fantasia,afrutado,pop,ciencia ficcion,afrutado
27,tarde,alta,0.97,0.26,0.77,documentales,thriller,espumoso,rock,terror,espumoso
33,noche,media,0.69,0.34,0.7,peliculas,thriller,dulce,rock,terror,dulce
29,noche,alta,0.62,0.74,0.37,series largas,romance,afrutado,reggaeton,comedia,afrutado
64,tarde,media,0.4,0.58,0.06,series largas,no ficcion,seco,jazz,drama,bajo en acidez
43,noche,alta,0.75,0.55,0.55,anime,fantasia,bajo en acidez,reggaeton,drama,seco
18,tarde,alta,0.81,0.62,0.78,series largas,fantasia,afrutado,electronica,accion,dulce
41,noche,media,0.34,0.54,0.21,documentales,no ficcion,seco,jazz,drama,seco
31,noche,alta,0.82,0.47,0.85,anime,thriller,espumoso,electronica,accion,espumoso
33,tarde,media,0.57,0.82,0.22,peliculas,romance,bajo en acidez,jazz,comedia,bajo en acidez
32,tarde,alta,0.81,0.56,0.73,peliculas,fantasia,espumoso,reggaeton,ciencia ficcion,espumoso
41,tarde,alta,0.69,0.58,0.48,peliculas,ciencia ficcion,bajo en acidez,jazz,drama,bajo en acidez
34,noche,baja,0.87,0.74,0.64,peliculas,fantasia,espumoso,pop,ciencia ficcion,espumoso
26,noche,baja,0.83,0.52,0.72,series largas,thriller,espumoso,electronica,ciencia ficcion,espumoso
24,tarde,alta,0.77,0.41,0.86,anime,thriller,espumoso,reggaeton,terror,espumoso
18,noche,baja,0.71,0.89,0.58,peliculas,romance,afrutado,pop,comedia,afrutado
20,noche,alta,0.39,0.82,0.38,peliculas,romance,bajo en acidez,jazz,comedia,afrutado
27,tarde,media,0.77,0.66,0.53,series largas,fantasia,seco,electronica,ciencia ficcion,dulce
36,noche,media,0.68,0.58,0.37,peliculas,no ficcion,seco,jazz,drama,bajo en acidez
42,manana,baja,0.96,0.39,0.47,peliculas,thriller,seco,reggaeton,terror,seco
28,noche,alta,0.52,0.32,0.89,series largas,thriller,espumoso,rock,terror,dulce
27,noche,media,0.92,0.39,0.66,series largas,fantasia,espumoso,electronica,terror,espumoso
18,manana,media,0.67,0.69,0.51,series largas,fantasia,afrutado,pop,comedia,dulce
39,tarde,alta,0.88,0.42,0.66,anime,thriller,espumoso,rock,accion,afrutado
24,noche,media,0.67,0.86,0.52,series largas,romance,afrutado,pop,comedia,afrutado
23,tarde,alta,0.57,0.54,0.51,anime,fantasia,bajo en acidez,electronica,terror,bajo en acidez
26,noche,media,0.61,0.56,0.78,anime,fantasia,espumoso,reggaeton,accion,espumoso
21,noche,alta,0.72,0.61,0.48,series cortas,fantasia,seco,electronica,terror,afrutado
24,tarde,baja,0.77,0.64,0.61,series largas,fantasia,dulce,pop,accion,afrutado
43,tarde,media,0.58,0.77,0.51,documentales,no ficcion,afrutado,jazz,comedia,afrutado
32,manana,media,0.92,0.74,0.7,series cortas,ciencia ficcion,afrutado,reggaeton,accion,espumoso
35,manana,alta,0.77,0.52,0.28,documentales,no ficcion,seco,jazz,drama,seco
33,noche,alta,0.75,0.4,0.44,series largas,thriller,seco,electronica,drama,bajo en acidez
46,tarde,media,0.63,0.47,0.32,documentales,no ficcion,seco,jazz,drama,seco
37,manana,media,0.61,0.51,0.69,anime,thriller,dulce,rock,accion,seco
34,manana,media,0.43,0.75,0.55,documentales,no ficcion,bajo en acidez,reggaeton,comedia,afrutado
34,manana,alta,0.68,0.46,0.73,anime,thriller,espumoso,rock,accion,espumoso
34,tarde,alta,0.9,0.53,0.71,series cortas,thriller,espumoso,rock,accion,espumoso
33,noche,alta,0.96,0.52,0.72,series largas,ciencia ficcion,espumoso,rock,accion,espumoso
36,noche,alta,0.51,0.08,0.83,documentales,thriller,seco,rock,terror,espumoso
30,manana,baja,0.83,0.45,0.45,peliculas,no ficcion,bajo en acidez,electronica,drama,bajo en acidez
36,tarde,baja,0.58,0.65,0.64,peliculas,no ficcion,afrutado,pop,comedia,afrutado
39,noche,media,0.92,0.27,0.5,series largas,ciencia ficcion,seco,rock,terror,seco
22,manana,media,0.71,0.52,0.26,peliculas,no ficcion,afrutado,jazz,drama,afrutado
36,manana,alta,0.82,0.53,0.61,series largas,ciencia ficcion,espumoso,rock,accion,afrutado
33,noche,media,0.77,0.61,0.46,documentales,romance,afrutado,electronica,ciencia ficcion,dulce
35,manana,baja,0.79,0.65,0.63,anime,fantasia,espumoso,electronica,accion,espumoso
49,tarde,media,0.72,0.35,0.38,series largas,no ficcion,seco,jazz,drama,seco
25,tarde,media,0.69,0.75,0.43,series largas,romance,dulce,electronica,comedia,dulce
35,manana,alta,0.85,0.25,0.66,peliculas,thriller,seco,rock,accion,seco
53,noche,media,0.64,0.29,0.64,anime,no ficcion,seco,rock,drama,seco
30,noche,alta,0.92,0.8,0.63,peliculas,ciencia ficcion,afrutado,pop,comedia,afrutado
30,noche,baja,0.41,0.53,0.46,series largas,no ficcion,bajo en acidez,jazz,accion,bajo en acidez
32,noche,media,0.73,1.0,0.35,series largas,romance,dulce,reggaeton,comedia,bajo en acidez
28,tarde,media,0.62,0.73,0.57,documentales,romance,afrutado,pop,comedia,afrutado
26,noche,media,0.73,0.43,0.66,peliculas,thriller,dulce,electronica,ciencia ficcion,espumoso
33,noche,baja,0.5,0.43,0.19,series cortas,no ficcion,seco,jazz,drama,bajo en acidez
21,tarde,alta,0.59,0.73,0.41,peliculas,romance,seco,reggaeton,comedia,seco
31,noche,baja,0.91,0.39,0.68,anime,ciencia ficcion,espumoso,rock,ciencia ficcion,espumoso
37,manana,media,0.54,0.5,0.27,peliculas,no ficcion,bajo en acidez,jazz,drama,bajo en acidez
29,tarde,baja,0.81,0.57,0.32,documentales,no ficcion,bajo en acidez,jazz,drama,bajo en acidez
21,noche,alta,0.92,0.81,0.62,peliculas,fantasia,dulce,pop,comedia,afrutado
51,manana,media,0.57,0.72,0.19,documentales,no ficcion,bajo en acidez,jazz,drama,bajo en acidez
25,noche,alta,0.82,0.28,0.51,anime,thriller,seco,rock,terror,afrutado
47,tarde,baja,0.86,0.42,0.35,series cortas,no ficcion,seco,jazz,drama,seco
32,manana,media,0.77,0.56,0.38,documentales,no ficcion,bajo en acidez,jazz,drama,seco
24,tarde,alta,0.68,0.55,0.74,peliculas,ciencia ficcion,dulce,electronica,ciencia ficcion,seco
45,manana,media,0.55,0.41,0.62,series cortas,no ficcion,seco,reggaeton,terror,dulce
26,noche,media,0.57,0.55,0.4,documentales,no ficcion,bajo en acidez,jazz,drama,bajo en acidez
33,noche,media,0.81,0.69,0.71,peliculas,ciencia ficcion,espumoso,reggaeton,ciencia ficcion,espumoso
51,manana,alta,0.66,0.41,0.58,documentales,no ficcion,seco,electronica,drama,seco
44,noche,alta,0.58,0.54,0.63,series largas,thriller,seco,reggaeton,accion,seco
21,manana,media,0.57,0.65,0.34,documentales,no ficcion,bajo en acidez,jazz,comedia,bajo en acidez
21,noche,media,0.78,0.6,0.87,series largas,thriller,dulce,reggaeton,accion,dulce
43,manana,baja,0.77,0.47,0.49,series largas,no ficcion,seco,reggaeton,drama,seco
22,manana,alta,0.72,0.48,0.31,series largas,no ficcion,bajo en acidez,jazz,accion,afrutado
25,tarde,media,0.89,0.78,0.51,anime,fantasia,afrutado,pop,comedia,afrutado
33,tarde,media,0.91,0.35,0.8,series largas,thriller,espumoso,electronica,terror,espumoso
23,tarde,alta,0.64,0.72,0.37,series largas,romance,afrutado,electronica,comedia,afrutado
19,tarde,alta,0.59,0.42,0.56,anime,fantasia,bajo en acidez,reggaeton,terror,bajo en acidez
36,noche,alta,0.75,0.27,0.71,series largas,thriller,seco,rock,ciencia ficcion,dulce
26,manana,media,0.82,0.34,0.42,peliculas,ciencia ficcion,bajo en acidez,reggaeton,drama,bajo en acidez
29,tarde,alta,0.82,0.52,0.71,documentales,ciencia ficcion,espumoso,electronica,accion,dulce
24,noche,alta,0.64,0.71,0.49,anime,fantasia,seco,pop,comedia,seco
18,noche,alta,0.82,0.84,0.8,series cortas,ciencia ficcion,dulce,reggaeton,comedia,dulce
18,tarde,media,0.92,0.48,0.42,peliculas,fantasia,bajo en acidez,reggaeton,drama,bajo en acidez
35,tarde,alta,0.82,0.85,0.55,peliculas,fantasia,afrutado,pop,comedia,espumoso
30,noche,alta,0.93,0.45,0.84,series largas,thriller,espumoso,electronica,ciencia ficcion,espumoso
30,manana,alta,0.76,0.31,0.64,anime,thriller,seco,rock,terror,seco
25,noche,media,0.87,0.54,0.62,series largas,thriller,seco,electronica,ciencia ficcion,afrutado
34,noche,media,0.58,0.51,0.74,anime,ciencia ficcion,dulce,rock,ciencia ficcion,espumoso
42,manana,baja,0.51,0.35,0.37,documentales,no ficcion,seco,jazz,drama,seco
18,tarde,alta,0.76,0.71,0.44,documentales,romance,dulce,pop,comedia,seco
23,tarde,alta,0.77,0.54,0.57,anime,fantasia,afrutado,electronica,ciencia ficcion,afrutado
44,manana,alta,0.59,0.5,0.35,documentales,no ficcion,dulce,jazz,drama,dulce
20,noche,media,0.84,0.63,0.74,series largas,fantasia,afrutado,pop,accion,dulce
31,tarde,baja,0.99,0.38,0.64,documentales,thriller,espumoso,rock,ciencia ficcion,dulce
41,manana,media,0.71,0.45,0.45,peliculas,no ficcion,bajo en acidez,jazz,drama,seco
31,noche,alta,0.83,0.43,0.67,series cortas,thriller,espumoso,rock,ciencia ficcion,afrutado
18,tarde,baja,0.59,0.58,0.68,anime,ciencia ficcion,seco,pop,accion,seco
24,noche,alta,0.91,0.58,0.64,peliculas,fantasia,afrutado,electronica,ciencia ficcion,afrutado
25,tarde,media,0.52,0.78,0.59,peliculas,romance,afrutado,pop,comedia,afrutado
30,manana,media,0.55,0.38,0.45,peliculas,romance,seco,jazz,drama,bajo en acidez
30,tarde,alta,1.0,0.56,0.51,anime,fantasia,dulce,reggaeton,terror,dulce
23,manana,media,0.84,0.53,0.56,peliculas,ciencia ficcion,seco,pop,ciencia ficcion,afrutado
18,noche,alta,0.96,0.57,0.49,series largas,fantasia,afrutado,pop,ciencia ficcion,dulce
19,tarde,baja,0.68,0.62,0.67,series cortas,fantasia,afrutado,reggaeton,terror,afrutado
35,manana,media,0.8,0.51,0.27,anime,no ficcion,seco,jazz,drama,seco
34,tarde,media,0.71,0.64,0.42,anime,romance,dulce,reggaeton,accion,seco
25,tarde,media,0.85,0.55,0.59,series cortas,fantasia,afrutado,pop,terror,afrutado
25,tarde,media,0.68,0.7,0.45,series largas,romance,dulce,reggaeton,comedia,dulce
34,noche,alta,0.67,0.54,0.7,series largas,ciencia ficcion,espumoso,rock,ciencia ficcion,seco
31,noche,baja,0.81,0.45,0.67,peliculas,thriller,espumoso,rock,ciencia ficcion,afrutado
21,tarde,alta,0.95,0.66,0.67,series largas,fantasia,afrutado,pop,accion,afrutado
18,noche,alta,0.97,0.67,0.59,series cortas,fantasia,seco,pop,accion,afrutado
46,manana,alta,0.58,0.42,0.32,documentales,no ficcion,seco,jazz,drama,seco
21,noche,alta,0.92,0.48,0.53,peliculas,ciencia ficcion,dulce,electronica,ciencia ficcion,dulce
44,tarde,media,0.82,0.45,0.38,documentales,no ficcion,seco,jazz,drama,seco
29,manana,alta,0.8,0.67,0.64,series largas,ciencia ficcion,afrutado,pop,accion,afrutado
31,tarde,media,0.66,0.37,0.67,series largas,thriller,seco,rock,terror,seco
28,noche,alta,0.89,0.45,0.69,peliculas,thriller,espumoso,electronica,ciencia ficcion,espumoso
21,manana,alta,0.89,0.75,0.71,series largas,fantasia,afrutado,reggaeton,accion,dulce
50,manana,media,0.74,0.54,0.34,anime,no ficcion,dulce,jazz,drama,dulce
24,tarde,alta,0.76,0.53,0.42,peliculas,fantasia,bajo en acidez,reggaeton,drama,bajo en acidez
23,noche,alta,0.82,0.62,0.63,series largas,fantasia,afrutado,pop,accion,afrutado
34,manana,baja,0.77,0.8,0.42,peliculas,romance,dulce,electronica,comedia,dulce
37,manana,baja,0.84,0.42,0.8,series largas,ciencia ficcion,espumoso,rock,accion,espumoso
36,manana,media,0.6,0.66,0.19,documentales,romance,seco,jazz,drama,bajo en acidez
33,noche,alta,0.73,0.31,0.92,series largas,thriller,espumoso,rock,terror,espumoso
40,noche,alta,0.93,0.33,0.57,peliculas,thriller,seco,rock,accion,seco
34,manana,media,0.51,0.52,0.26,documentales,no ficcion,bajo en acidez,jazz,drama,bajo en acidez
18,noche,media,0.61,0.75,0.44,peliculas,fantasia,dulce,pop,comedia,afrutado
33,tarde,baja,0.69,0.38,0.68,series cortas,thriller,afrutado,rock,terror,seco
36,noche,media,0.77,0.43,0.47,documentales,no ficcion,bajo en acidez,electronica,accion,bajo en acidez
29,noche,alta,0.81,0.23,0.74,peliculas,thriller,dulce,rock,terror,dulce
22,noche,alta,0.92,0.79,0.8,series largas,fantasia,dulce,pop,accion,dulce
43,manana,alta,0.55,0.74,0.4,anime,romance,seco,jazz,comedia,seco
27,noche,baja,0.68,0.84,0.36,peliculas,romance,dulce,reggaeton,comedia,afrutado
36,noche,alta,0.73,0.57,0.7,series cortas,ciencia ficcion,espumoso,rock,accion,espumoso
33,noche,alta,0.79,0.59,0.76,series largas,thriller,espumoso,electronica,accion,espumoso
38,noche,media,0.84,0.4,0.58,series largas,thriller,bajo en acidez,rock,ciencia ficcion,bajo en acidez
37,manana,media,0.54,0.79,0.41,series largas,romance,bajo en acidez,jazz,comedia,afrutado
43,noche,alta,0.74,0.45,0.45,peliculas,ciencia ficcion,bajo en acidez,electronica,drama,seco
36,tarde,media,0.77,0.67,0.52,documentales,romance,dulce,reggaeton,accion,dulce
38,manana,alta,0.78,0.49,0.72,documentales,ciencia ficcion,espumoso,rock,ciencia ficcion,espumoso
39,tarde,media,0.77,0.46,0.3,series largas,no ficcion,seco,jazz,drama,seco
19,manana,media,0.91,0.76,0.62,series cortas,fantasia,seco,pop,comedia,afrutado
45,tarde,alta,0.65,0.62,0.46,documentales,no ficcion,bajo en acidez,jazz,drama,bajo en acidez
38,noche,alta,0.9,0.48,0.41,series largas,no ficcion,bajo en acidez,electronica,accion,bajo en acidez
65,manana,baja,0.56,0.47,0.39,series largas,no ficcion,seco,jazz,drama,seco
26,noche,alta,0.8,0.31,0.88,series largas,thriller,espumoso,electronica,accion,espumoso
27,tarde,media,0.81,0.79,0.39,anime,fantasia,afrutado,pop,comedia,afrutado
37,manana,media,0.84,0.59,0.6,anime,ciencia ficcion,espumoso,reggaeton,ciencia ficcion,espumoso
22,manana,media,0.95,0.83,0.8,series cortas,fantasia,dulce,reggaeton,accion,dulce
21,tarde,alta,0.88,0.62,0.48,anime,fantasia,afrutado,pop,accion,afrutado
21,tarde,media,0.93,0.7,0.61,anime,fantasia,afrutado,electronica,terror,afrutado
24,manana,media,0.87,0.68,0.24,documentales,no ficcion,bajo en acidez,jazz,drama,bajo en acidez
31,tarde,baja,0.77,0.64,0.53,anime,romance,afrutado,reggaeton,accion,afrutado
25,manana,alta,0.72,0.44,0.59,anime,fantasia,seco,electronica,ciencia ficcion,afrutado
24,manana,alta,0.62,0.52,0.38,documentales,no ficcion,bajo en acidez,jazz,drama,bajo en acidez
36,tarde,alta,0.72,0.65,0.89,peliculas,fantasia,espumoso,rock,accion,espumoso
27,tarde,media,0.74,0.49,0.51,anime,no ficcion,bajo en acidez,reggaeton,ciencia ficcion,dulce
47,tarde,media,0.59,0.67,0.48,documentales,no ficcion,bajo en acidez,jazz,drama,bajo en acidez
19,tarde,alta,0.86,0.67,0.52,anime,fantasia,afrutado,pop,accion,afrutado
41,manana,media,0.6,0.73,0.33,peliculas,no ficcion,bajo en acidez,jazz,accion,bajo en acidez
23,tarde,alta,0.83,0.84,0.5,anime,fantasia,afrutado,pop,comedia,afrutado
18,noche,alta,0.78,0.9,0.62,series largas,romance,dulce,pop,comedia,afrutado
42,tarde,baja,0.66,0.37,0.25,series largas,no ficcion,seco,jazz,drama,seco
25,noche,alta,0.62,0.37,0.85,series largas,ciencia ficcion,espumoso,electronica,terror,afrutado
25,manana,media,0.74,0.71,0.43,series largas,romance,dulce,pop,comedia,dulce
45,manana,alta,0.82,0.5,0.36,series cortas,no ficcion,bajo en acidez,jazz,drama,dulce
18,noche,alta,0.79,0.67,0.64,peliculas,ciencia ficcion,afrutado,pop,accion,afrutado
21,manana,baja,1.0,0.57,0.66,series largas,ciencia ficcion,afrutado,reggaeton,ciencia ficcion,dulce
28,tarde,media,0.53,0.4,0.72,series largas,thriller,dulce,rock,terror,afrutado
25,manana,media,0.69,0.8,0.54,anime,fantasia,afrutado,pop,comedia,afrutado
30,noche,alta,0.53,0.88,0.35,peliculas,romance,bajo en acidez,jazz,comedia,bajo en acidez
46,noche,media,0.62,0.55,0.4,anime,no ficcion,seco,jazz,drama,seco
27,manana,alta,0.69,0.65,0.6,anime,fantasia,seco,pop,accion,afrutado
26,noche,media,0.82,0.48,0.53,series largas,fantasia,dulce,reggaeton,terror,dulce
18,noche,baja,0.62,0.63,0.39,peliculas,romance,afrutado,reggaeton,terror,afrutado
24,tarde,baja,0.56,0.67,0.61,series largas,no ficcion,afrutado,pop,comedia,afrutado
39,tarde,media,0.66,0.47,0.46,documentales,no ficcion,bajo en acidez,jazz,drama,bajo en acidez
24,tarde,media,0.83,0.71,0.25,series largas,romance,afrutado,jazz,accion,afrutado
18,tarde,media,0.96,0.71,0.84,documentales,fantasia,dulce,electronica,accion,dulce
28,manana,alta,0.8,0.59,0.74,documentales,fantasia,espumoso,electronica,accion,espumoso
24,noche,alta,0.76,0.56,0.45,series largas,romance,bajo en acidez,reggaeton,accion,bajo en acidez
36,manana,media,0.89,0.75,0.47,anime,fantasia,dulce,electronica,terror,bajo en acidez
33,tarde,media,0.89,0.56,0.76,peliculas,ciencia ficcion,espumoso,reggaeton,ciencia ficcion,espumoso
55,tarde,media,0.76,0.73,0.53,peliculas,no ficcion,bajo en acidez,jazz,drama,bajo en acidez
19,noche,media,0.78,0.7,0.59,anime,fantasia,afrutado,pop,comedia,dulce
20,tarde,media,0.71,0.64,0.59,series largas,romance,dulce,pop,comedia,dulce
26,noche,alta,0.86,0.81,0.27,series largas,romance,dulce,reggaeton,comedia,bajo en acidez
22,noche,media,0.78,0.81,0.65,anime,fantasia,dulce,pop,comedia,dulce
18,noche,media,0.64,0.61,0.72,anime,fantasia,dulce,pop,terror,dulce
21,noche,media,0.9,0.32,0.49,series largas,fantasia,bajo en acidez,electronica,terror,afrutado
29,noche,baja,0.74,0.87,0.4,peliculas,romance,afrutado,pop,comedia,afrutado
24,noche,baja,0.66,0.93,0.24,series cortas,romance,dulce,jazz,comedia,bajo en acidez
27,noche,media,0.74,0.77,0.2,series largas,romance,bajo en acidez,jazz,terror,bajo en acidez
24,manana,media,0.74,0.73,0.4,anime,romance,dulce,pop,comedia,afrutado
55,noche,baja,1.0,0.38,0.2,series largas,no ficcion,seco,jazz,drama,dulce
49,tarde,baja,0.74,0.31,0.23,documentales,no ficcion,seco,jazz,drama,seco
28,manana,alta,0.66,0.59,0.53,anime,ciencia ficcion,bajo en acidez,reggaeton,accion,bajo en acidez
24,manana,alta,0.79,0.72,0.24,peliculas,romance,bajo en acidez,jazz,terror,bajo en acidez
18,manana,alta,0.68,0.54,0.85,peliculas,ciencia ficcion,seco,electronica,accion,seco
31,noche,alta,0.78,0.72,0.52,peliculas,fantasia,afrutado,pop,accion,seco
41,tarde,baja,0.61,0.51,0.36,anime,no ficcion,bajo en acidez,jazz,drama,seco
42,noche,media,0.87,0.45,0.28,peliculas,no ficcion,bajo en acidez,jazz,drama,seco
43,manana,alta,0.61,0.68,0.39,documentales,no ficcion,bajo en acidez,jazz,drama,bajo en acidez
18,noche,baja,0.84,0.57,0.59,anime,fantasia,afrutado,pop,ciencia ficcion,dulce
38,manana,media,0.68,0.52,0.39,documentales,no ficcion,bajo en acidez,jazz,drama,bajo en acidez
31,manana,baja,0.62,0.44,0.47,series largas,no ficcion,bajo en acidez,electronica,accion,bajo en acidez
19,manana,media,0.66,0.7,0.67,series cortas,fantasia,dulce,pop,comedia,dulce
50,tarde,media,0.73,0.71,0.54,anime,no ficcion,bajo en acidez,jazz,accion,afrutado
24,noche,alta,0.89,0.41,0.38,series largas,ciencia ficcion,bajo en acidez,reggaeton,drama,bajo en acidez
58,manana,media,0.85,0.25,0.35,series largas,no ficcion,seco,jazz,drama,seco
31,noche,baja,0.69,0.45,0.68,series largas,ciencia ficcion,seco,rock,terror,seco
22,tarde,baja,0.85,0.7,0.7,documentales,fantasia,dulce,pop,ciencia ficcion,dulce
34,manana,alta,0.61,0.24,0.57,documentales,thriller,dulce,rock,terror,dulce
27,manana,media,0.89,0.65,0.58,series largas,romance,dulce,pop,accion,dulce
18,noche,alta,0.87,0.52,0.58,series largas,fantasia,dulce,pop,accion,dulce
24,manana,alta,0.92,0.43,0.91,series cortas,thriller,espumoso,reggaeton,terror,espumoso
29,noche,media,0.97,0.52,0.69,documentales,ciencia ficcion,espumoso,reggaeton,accion,espumoso
38,manana,alta,0.89,0.35,0.71,peliculas,thriller,espumoso,rock,terror,espumoso
20,noche,baja,0.82,0.37,0.57,documentales,ciencia ficcion,seco,electronica,terror,dulce
28,tarde,alta,0.76,0.45,0.82,series largas,thriller,espumoso,electronica,terror,espumoso
21,manana,alta,0.71,0.78,0.71,series largas,fantasia,seco,pop,comedia,afrutado
23,manana,media,0.57,0.71,0.1,anime,no ficcion,bajo en acidez,jazz,accion,bajo en acidez
40,noche,baja,0.65,0.58,0.19,documentales,no ficcion,bajo en acidez,jazz,drama,bajo en acidez
43,tarde,baja,0.33,0.38,0.28,documentales,no ficcion,seco,jazz,drama,seco
43,manana,baja,0.66,0.51,0.31,series largas,no ficcion,bajo en acidez,jazz,accion,dulce
23,noche,media,0.7,0.8,0.52,documentales,fantasia,afrutado,pop,comedia,afrutado
23,noche,alta,1.0,0.4,0.86,series cortas,thriller,espumoso,electronica,terror,espumoso
36,noche,alta,0.85,0.58,0.61,peliculas,ciencia ficcion,dulce,reggaeton,ciencia ficcion,espumoso
33,noche,media,0.78,0.91,0.25,series largas,romance,bajo en acidez,jazz,comedia,dulce
20,noche,media,0.79,0.62,0.71,anime,fantasia,afrutado,pop,ciencia ficcion,dulce
30,tarde,alta,1.0,0.84,0.69,documentales,ciencia ficcion,afrutado,pop,comedia,seco
23,tarde,media,0.59,0.75,0.41,series largas,fantasia,afrutado,reggaeton,comedia,afrutado
18,manana,alta,0.87,0.54,0.84,anime,ciencia ficcion,afrutado,electronica,terror,dulce
31,tarde,media,0.68,0.58,0.94,anime,ciencia ficcion,espumoso,electronica,accion,espumoso
41,tarde,baja,0.77,0.36,0.47,documentales,no ficcion,seco,electronica,drama,seco
25,manana,media,0.89,0.82,0.46,peliculas,romance,dulce,pop,comedia,afrutado
18,manana,alta,0.77,1.0,0.59,anime,romance,dulce,pop,comedia,afrutado
27,manana,media,0.74,0.61,0.47,peliculas,fantasia,bajo en acidez,electronica,accion,dulce
18,noche,media,0.63,0.84,0.51,documentales,romance,dulce,pop,comedia,dulce
24,noche,media,0.7,0.6,0.56,peliculas,fantasia,afrutado,electronica,ciencia ficcion,afrutado
44,noche,alta,0.64,0.39,0.36,peliculas,no ficcion,seco,jazz,drama,seco
18,noche,media,0.54,0.82,0.44,series cortas,romance,afrutado,electronica,comedia,afrutado
20,manana,media,1.0,0.43,0.78,series largas,thriller,espumoso,reggaeton,accion,espumoso
24,tarde,media,0.81,0.72,0.69,anime,fantasia,seco,pop,terror,seco
18,tarde,media,0.86,0.88,0.96,documentales,fantasia,dulce,reggaeton,accion,dulce
37,noche,alta,0.68,0.68,0.2,documentales,no ficcion,bajo en acidez,jazz,drama,bajo en acidez
18,tarde,media,0.65,0.43,0.76,anime,fantasia,espumoso,electronica,terror,seco
31,manana,media,0.69,0.57,0.84,documentales,fantasia,espumoso,electronica,accion,espumoso
32,tarde,alta,0.87,0.56,0.46,peliculas,ciencia ficcion,bajo en acidez,reggaeton,drama,seco
32,noche,alta,0.71,0.4,0.42,documentales,fantasia,bajo en acidez,reggaeton,drama,bajo en acidez
23,noche,alta,0.91,0.6,0.72,series largas,fantasia,dulce,electronica,ciencia ficcion,dulce
34,noche,alta,0.78,0.4,0.87,series cortas,thriller,espumoso,rock,terror,espumoso
18,manana,alta,0.62,0.53,0.43,series largas,no ficcion,bajo en acidez,electronica,terror,bajo en acidez
28,tarde,media,1.0,0.57,0.69,documentales,fantasia,espumoso,electronica,accion,espumoso
40,manana,media,0.83,0.58,0.74,anime,ciencia ficcion,espumoso,rock,ciencia ficcion,espumoso
26,noche,alta,0.91,0.67,0.64,series largas,ciencia ficcion,dulce,pop,terror,afrutado
18,noche,media,0.86,0.5,0.5,documentales,ciencia ficcion,afrutado,electronica,ciencia ficcion,dulce
33,noche,alta,0.68,0.55,0.7,series cortas,thriller,espumoso,reggaeton,ciencia ficcion,seco
28,noche,media,0.85,0.34,0.5,anime,thriller,seco,rock,ciencia ficcion,dulce
27,manana,media,0.78,0.67,0.68,documentales,fantasia,dulce,pop,ciencia ficcion,dulce
24,manana,media,0.77,0.4,0.38,anime,no ficcion,bajo en acidez,electronica,drama,bajo en acidez
28,tarde,media,0.71,0.71,0.44,series largas,romance,dulce,reggaeton,comedia,dulce
23,manana,media,0.65,0.54,0.71,documentales,thriller,dulce,electronica,accion,seco
34,noche,alta,0.6,0.36,0.79,series largas,thriller,afrutado,rock,terror,afrutado
54,manana,alta,0.83,0.63,0.51,documentales,no ficcion,bajo en acidez,jazz,drama,bajo en acidez
31,noche,media,0.75,0.76,0.48,series largas,romance,dulce,pop,comedia,dulce
31,manana,alta,0.97,0.45,0.98,series cortas,ciencia ficcion,espumoso,reggaeton,accion,espumoso
26,tarde,media,0.69,0.75,0.58,documentales,fantasia,afrutado,pop,comedia,afrutado
22,tarde,alta,0.69,0.83,0.25,peliculas,romance,afrutado,jazz,comedia,afrutado
27,noche,media,0.53,0.46,0.3,series largas,romance,bajo en acidez,jazz,drama,bajo en acidez
30,noche,baja,0.93,0.54,0.54,series largas,ciencia ficcion,espumoso,electronica,ciencia ficcion,espumoso
29,tarde,media,0.54,0.6,0.51,documentales,fantasia,bajo en acidez,electronica,accion,bajo en acidez
32,tarde,media,0.78,0.81,0.65,peliculas,romance,seco,pop,comedia,afrutado
19,noche,alta,0.76,0.47,0.56,documentales,ciencia ficcion,afrutado,electronica,terror,dulce
34,noche,media,0.88,0.47,0.51,series largas,ciencia ficcion,seco,reggaeton,ciencia ficcion,bajo en acidez
43,noche,alta,0.68,0.17,0.58,peliculas,thriller,seco,rock,terror,seco
32,tarde,alta,0.82,0.39,0.71,series cortas,thriller,espumoso,rock,ciencia ficcion,afrutado
30,noche,baja,0.95,0.58,0.51,series largas,ciencia ficcion,seco,pop,accion,dulce
27,tarde,baja,1.0,0.59,0.61,peliculas,fantasia,espumoso,pop,accion,espumoso
28,noche,media,0.88,0.27,0.8,series cortas,thriller,espumoso,rock,terror,espumoso
32,manana,alta,0.5,0.5,0.37,documentales,no ficcion,bajo en acidez,jazz,drama,bajo en acidez
26,manana,alta,0.99,0.42,0.49,anime,ciencia ficcion,dulce,reggaeton,ciencia ficcion,dulce
36,manana,media,0.53,0.64,0.35,series largas,no ficcion,bajo en acidez,jazz,terror,bajo en acidez
62,manana,alta,0.72,0.46,0.23,series cortas,no ficcion,seco,jazz,drama,seco
36,manana,media,0.78,0.44,0.6,series largas,thriller,afrutado,rock,ciencia ficcion,afrutado
56,tarde,media,0.76,0.47,0.54,documentales,no ficcion,seco,reggaeton,drama,seco
34,noche,media,0.75,0.39,0.74,series cortas,thriller,espumoso,rock,terror,espumoso
32,noche,baja,0.9,0.39,0.7,documentales,thriller,espumoso,rock,ciencia ficcion,espumoso
36,noche,media,0.8,0.57,0.74,documentales,thriller,espumoso,rock,accion,espumoso
18,noche,alta,0.66,0.67,0.72,series cortas,ciencia ficcion,afrutado,pop,comedia,afrutado
21,tarde,media,0.79,0.82,0.44,peliculas,romance,afrutado,pop,comedia,afrutado
24,manana,alta,0.65,0.51,0.65,series largas,thriller,afrutado,reggaeton,terror,bajo en acidez
18,noche,alta,1.0,0.65,0.78,series cortas,fantasia,dulce,electronica,accion,dulce
30,noche,media,0.6,0.99,0.58,series cortas,romance,afrutado,pop,comedia,afrutado
18,noche,media,1.0,0.65,0.64,peliculas,fantasia,afrutado,reggaeton,accion,dulce
23,noche,alta,0.57,0.35,0.76,series largas,thriller,seco,rock,terror,seco
33,manana,alta,0.56,0.38,0.28,documentales,no ficcion,dulce,jazz,drama,bajo en acidez
18,tarde,alta,0.73,0.78,0.41,documentales,romance,afrutado,pop,comedia,afrutado
20,tarde,alta,0.96,0.89,0.81,series largas,fantasia,dulce,reggaeton,accion,dulce
26,tarde,media,0.63,0.52,0.66,documentales,fantasia,dulce,electronica,ciencia ficcion,seco
18,noche,alta,0.83,0.69,0.59,anime,fantasia,dulce,electronica,ciencia ficcion,dulce
26,noche,alta,0.7,0.72,0.61,series cortas,romance,afrutado,pop,comedia,seco
18,noche,alta,0.64,0.7,0.69,peliculas,fantasia,dulce,electronica,comedia,afrutado
31,manana,media,0.69,0.65,0.4,peliculas,romance,bajo en acidez,reggaeton,accion,dulce
18,noche,alta,0.78,0.76,0.36,peliculas,fantasia,afrutado,reggaeton,terror,afrutado
49,tarde,alta,1.0,0.47,0.61,series cortas,ciencia ficcion,dulce,rock,terror,dulce
21,noche,alta,0.81,0.44,0.62,documentales,ciencia ficcion,dulce,electronica,ciencia ficcion,dulce
26,tarde,baja,0.64,0.36,0.35,documentales,no ficcion,seco,jazz,drama,bajo en acidez
43,manana,alta,0.65,0.28,0.57,documentales,no ficcion,seco,rock,drama,seco
43,manana,alta,0.42,0.59,0.42,peliculas,no ficcion,seco,jazz,drama,bajo en acidez
43,tarde,baja,0.78,0.65,0.52,series cortas,romance,dulce,electronica,terror,dulce
29,noche,media,0.9,0.6,0.64,documentales,romance,espumoso,electronica,ciencia ficcion,espumoso
27,noche,alta,0.68,0.46,0.46,series cortas,thriller,bajo en acidez,electronica,drama,bajo en acidez
24,manana,alta,0.98,0.51,0.49,peliculas,ciencia ficcion,afrutado,pop,ciencia ficcion,afrutado
21,noche,media,0.68,0.59,0.7,anime,fantasia,dulce,electronica,ciencia ficcion,seco
36,manana,media,0.87,0.4,0.44,series largas,ciencia ficcion,dulce,reggaeton,terror,seco
30,tarde,alta,0.68,0.43,0.7,anime,fantasia,dulce,rock,terror,seco
24,noche,alta,0.7,0.48,0.82,anime,ciencia ficcion,afrutado,electronica,accion,seco
38,tarde,baja,0.69,0.4,0.48,documentales,no ficcion,bajo en acidez,reggaeton,drama,bajo en acidez
30,tarde,alta,0.86,0.65,0.66,peliculas,fantasia,afrutado,pop,ciencia ficcion,seco
30,manana,media,0.89,0.55,0.53,peliculas,thriller,dulce,reggaeton,terror,dulce
38,noche,alta,0.66,0.61,0.73,peliculas,ciencia ficcion,espumoso,rock,ciencia ficcion,espumoso
18,manana,media,0.59,0.63,0.46,peliculas,romance,afrutado,electronica,comedia,dulce
25,tarde,alta,0.76,0.62,0.73,series cortas,thriller,seco,pop,accion,afrutado
34,noche,media,0.65,0.53,0.37,series largas,no ficcion,bajo en acidez,jazz,drama,bajo en acidez
37,noche,media,0.62,0.84,0.24,series largas,no ficcion,bajo en acidez,jazz,comedia,bajo en acidez
27,manana,media,0.93,0.53,0.7,peliculas,ciencia ficcion,espumoso,electronica,ciencia ficcion,espumoso
34,noche,baja,0.8,0.23,0.87,series largas,thriller,espumoso,rock,terror,espumoso
24,noche,media,0.73,0.81,0.37,series largas,romance,seco,electronica,comedia,afrutado
35,manana,alta,0.65,0.44,0.58,peliculas,thriller,bajo en acidez,electronica,ciencia ficcion,bajo en acidez
35,noche,media,0.61,0.75,0.69,anime,fantasia,espumoso,pop,comedia,espumoso
19,noche,alta,1.0,0.5,0.7,series cortas,ciencia ficcion,espumoso,electronica,ciencia ficcion,espumoso
35,noche,alta,0.9,0.74,0.5,series cortas,ciencia ficcion,seco,pop,terror,bajo en acidez
35,noche,media,0.87,0.43,0.59,documentales,ciencia ficcion,seco,rock,ciencia ficcion,bajo en acidez
26,manana,media,0.74,0.88,0.52,series largas,romance,dulce,pop,comedia,afrutado
31,noche,alta,0.71,0.49,0.67,peliculas,thriller,espumoso,rock,terror,dulce
21,manana,media,0.76,0.78,0.65,peliculas,romance,dulce,pop,comedia,dulce
20,manana,media,0.57,0.48,0.4,peliculas,no ficcion,seco,jazz,drama,bajo en acidez
39,noche,baja,0.81,0.61,0.52,documentales,ciencia ficcion,bajo en acidez,electronica,ciencia ficcion,bajo en acidez
25,tarde,media,0.71,0.8,0.62,series largas,romance,afrutado,pop,comedia,dulce
18,manana,alta,0.81,0.63,0.76,series largas,fantasia,afrutado,reggaeton,accion,dulce
33,tarde,media,0.7,0.96,0.28,series largas,romance,afrutado,jazz,comedia,bajo en acidez
38,manana,alta,0.65,0.19,0.69,series largas,thriller,dulce,rock,terror,dulce
22,noche,alta,0.64,1.0,0.55,peliculas,romance,afrutado,pop,comedia,afrutado
20,noche,media,0.81,0.59,0.26,peliculas,fantasia,bajo en acidez,jazz,drama,bajo en acidez
20,noche,baja,0.61,0.94,0.63,series largas,romance,afrutado,pop,comedia,afrutado
24,noche,media,0.58,0.68,0.76,series cortas,romance,dulce,pop,comedia,dulce
37,noche,media,0.86,0.05,0.65,anime,thriller,seco,rock,terror,afrutado
46,noche,baja,0.68,0.63,0.4,series largas,no ficcion,bajo en acidez,jazz,drama,seco
41,manana,baja,0.66,0.55,0.42,documentales,no ficcion,bajo en acidez,jazz,drama,dulce
18,tarde,media,0.82,0.68,0.6,series largas,fantasia,afrutado,pop,terror,dulce
38,noche,media,0.63,0.65,0.37,anime,no ficcion,bajo en acidez,jazz,drama,bajo en acidez
40,manana,baja,0.86,0.49,0.69,series cortas,ciencia ficcion,dulce,rock,terror,dulce
65,manana,alta,0.84,0.65,0.31,documentales,no ficcion,seco,jazz,drama,bajo en acidez
21,tarde,media,0.69,0.45,0.51,anime,ciencia ficcion,bajo en acidez,reggaeton,accion,afrutado
32,manana,baja,0.55,0.4,0.27,documentales,no ficcion,seco,jazz,drama,bajo en acidez
25,manana,media,0.72,0.75,0.61,series largas,romance,dulce,pop,comedia,dulce
23,noche,alta,0.74,0.49,0.65,anime,ciencia ficcion,dulce,electronica,ciencia ficcion,afrutado
42,manana,media,0.63,0.47,0.34,documentales,no ficcion,seco,jazz,drama,seco
24,manana,alta,0.76,0.51,0.69,documentales,ciencia ficcion,espumoso,electronica,accion,espumoso
18,tarde,baja,0.79,0.63,0.57,peliculas,fantasia,afrutado,pop,terror,afrutado
41,noche,alta,1.0,0.37,0.56,anime,thriller,dulce,rock,ciencia ficcion,dulce
21,manana,media,0.66,0.64,0.5,peliculas,fantasia,dulce,pop,comedia,dulce
19,manana,baja,0.84,0.65,0.7,anime,fantasia,dulce,electronica,ciencia ficcion,dulce
35,tarde,alta,0.86,0.48,0.56,series cortas,ciencia ficcion,seco,rock,ciencia ficcion,seco
25,manana,media,1.0,0.6,0.76,anime,fantasia,afrutado,reggaeton,ciencia ficcion,seco
23,noche,alta,1.0,0.29,0.69,anime,ciencia ficcion,espumoso,electronica,terror,espumoso
26,tarde,alta,0.86,0.36,0.78,series largas,thriller,espumoso,electronica,ciencia ficcion,espumoso
34,tarde,alta,0.81,0.42,0.63,series cortas,ciencia ficcion,afrutado,rock,ciencia ficcion,afrutado
19,noche,baja,0.85,0.55,0.68,series largas,ciencia ficcion,afrutado,reggaeton,ciencia ficcion,dulce
30,noche,baja,0.56,0.29,0.47,documentales,no ficcion,seco,reggaeton,terror,bajo en acidez
19,noche,media,0.8,0.48,0.71,anime,fantasia,espumoso,electronica,ciencia ficcion,espumoso
32,noche,alta,0.54,0.62,0.46,series largas,romance,seco,jazz,terror,bajo en acidez
27,noche,alta,0.95,0.44,0.65,series largas,thriller,espumoso,reggaeton,ciencia ficcion,espumoso
22,noche,media,0.79,0.79,0.44,series largas,romance,afrutado,pop,comedia,dulce
45,manana,alta,0.96,0.42,0.67,anime,ciencia ficcion,dulce,rock,terror,dulce
26,noche,alta,0.94,0.51,0.42,documentales,thriller,bajo en acidez,reggaeton,drama,bajo en acidez
24,noche,baja,0.71,0.74,0.54,peliculas,romance,afrutado,pop,comedia,seco
46,noche,baja,0.64,0.4,0.32,anime,no ficcion,seco,jazz,drama,seco
30,noche,media,0.83,0.43,0.69,documentales,thriller,afrutado,rock,terror,afrutado
21,manana,alta,0.6,0.79,0.55,peliculas,romance,afrutado,pop,comedia,afrutado
45,tarde,media,0.48,0.81,0.53,peliculas,no ficcion,bajo en acidez,jazz,comedia,bajo en acidez
24,manana,alta,0.67,0.59,0.49,anime,ciencia ficcion,bajo en acidez,reggaeton,accion,bajo en acidez
22,manana,alta,0.85,0.51,0.55,series largas,ciencia ficcion,afrutado,pop,accion,dulce
18,tarde,media,0.67,0.79,0.38,series cortas,romance,dulce,reggaeton,comedia,afrutado
18,manana,alta,0.73,0.63,0.48,series largas,fantasia,seco,pop,accion,afrutado
21,manana,baja,0.75,0.9,0.67,series largas,romance,afrutado,reggaeton,comedia,dulce
31,manana,media,0.82,0.57,0.49,anime,fantasia,dulce,reggaeton,ciencia ficcion,dulce
29,manana,baja,0.88,0.45,0.67,series largas,thriller,espumoso,electronica,terror,afrutado
34,noche,media,0.76,0.68,0.4,series largas,fantasia,seco,electronica,accion,seco
39,tarde,baja,0.75,0.33,0.61,series largas,no ficcion,dulce,rock,terror,dulce
26,noche,alta,0.9,0.43,0.73,series cortas,thriller,espumoso,electronica,ciencia ficcion,espumoso
29,manana,media,0.61,0.85,0.44,series largas,romance,dulce,electronica,comedia,afrutado
32,manana,alta,0.74,0.33,0.87,documentales,thriller,espumoso,rock,terror,espumoso
44,tarde,alta,0.86,0.64,0.64,series largas,ciencia ficcion,espumoso,rock,ciencia ficcion,espumoso
26,tarde,alta,0.61,0.42,0.57,anime,romance,bajo en acidez,reggaeton,terror,bajo en acidez
37,noche,alta,0.72,0.74,0.26,documentales,romance,bajo en acidez,jazz,accion,bajo en acidez
33,noche,media,1.0,0.49,0.61,series largas,ciencia ficcion,espumoso,rock,ciencia ficcion,afrutado
33,noche,media,0.68,0.38,0.77,documentales,thriller,espumoso,electronica,ciencia ficcion,espumoso
27,manana,media,0.75,0.9,0.49,peliculas,fantasia,afrutado,pop,comedia,afrutado
30,tarde,alta,0.73,0.27,0.61,series largas,thriller,seco,rock,terror,seco
29,noche,alta,0.7,0.55,0.52,peliculas,fantasia,seco,reggaeton,accion,dulce
25,tarde,media,1.0,0.51,0.71,series largas,thriller,espumoso,electronica,ciencia ficcion,espumoso
26,noche,baja,0.98,0.35,0.51,documentales,thriller,dulce,rock,ciencia ficcion,dulce
37,tarde,media,0.93,0.58,0.33,series largas,romance,bajo en acidez,jazz,drama,bajo en acidez
43,noche,media,0.65,0.45,0.17,documentales,no ficcion,seco,jazz,drama,seco
22,noche,alta,0.72,0.55,0.74,documentales,ciencia ficcion,dulce,electronica,ciencia ficcion,dulce
29,tarde,media,0.74,0.26,0.71,documentales,thriller,dulce,rock,terror,dulce
