edad,hora_lectura_preferida,velocidad_lectura,engagement_promedio,valence_musical_pref,energia_musical_pref,contenido_visual_pref,genero_libro_rec,tipo_vino_rec,genero_musical_rec,genero_serie_rec,pred_genero_musical_rec
27,manana,alta,0.85,0.51,0.69,series largas,ciencia ficcion,espumoso,electronica,ciencia ficcion,electronica
18,tarde,media,0.88,0.75,0.55,documentales,fantasia,afrutado,electronica,comedia,pop
26,tarde,alta,0.85,0.57,0.65,documentales,fantasia,afrutado,pop,ciencia ficcion,reggaeton
32,tarde,media,0.89,0.61,0.54,peliculas,fantasia,dulce,reggaeton,ciencia ficcion,reggaeton
21,noche,alta,0.86,0.6,0.74,documentales,ciencia ficcion,seco,electronica,ciencia ficcion,electronica
32,noche,baja,0.65,0.76,0.67,series largas,fantasia,seco,pop,comedia,pop
24,tarde,media,0.95,0.52,0.47,series largas,fantasia,seco,pop,accion,electronica
37,manana,media,0.81,0.56,0.53,series largas,ciencia ficcion,seco,reggaeton,terror,reggaeton
49,manana,baja,0.52,0.49,0.46,documentales,no ficcion,seco,jazz,drama,jazz
33,manana,alta,0.88,0.46,0.66,series largas,thriller,dulce,rock,terror,reggaeton
39,manana,baja,0.67,0.52,0.36,documentales,no ficcion,bajo en acidez,jazz,drama,jazz
29,manana,alta,0.82,0.45,0.75,series largas,thriller,espumoso,reggaeton,ciencia ficcion,electronica
28,tarde,alta,0.66,0.72,0.77,anime,fantasia,afrutado,reggaeton,comedia,pop
50,noche,alta,0.58,0.49,0.47,peliculas,no ficcion,seco,jazz,drama,jazz
43,tarde,baja,0.52,0.45,0.53,documentales,no ficcion,seco,reggaeton,drama,jazz
18,tarde,media,0.57,0.49,0.33,peliculas,no ficcion,seco,jazz,drama,jazz
27,noche,media,0.84,0.83,0.51,peliculas,romance,afrutado,pop,comedia,pop
38,manana,media,0.63,0.33,0.43,anime,no ficcion,dulce,jazz,drama,jazz
27,tarde,alta,0.82,0.78,0.72,peliculas,fantasia,seco,pop,comedia,pop
29,noche,media,0.78,0.89,0.37,peliculas,romance,afrutado,electronica,comedia,pop
44,manana,alta,0.9,0.57,0.52,anime,ciencia ficcion,bajo en acidez,reggaeton,drama,reggaeton
24,tarde,alta,0.94,0.56,0.71,documentales,thriller,dulce,electronica,accion,electronica
30,noche,alta,0.75,0.73,0.54,peliculas,romance,seco,pop,accion,pop
20,noche,alta,0.98,0.53,0.66,anime,ciencia ficcion,seco,electronica,accion,electronica
19,manana,media,0.7,0.53,0.27,series cortas,romance,bajo en acidez,jazz,drama,jazz
18,tarde,media,0.57,0.8,0.41,documentales,romance,afrutado,reggaeton,comedia,pop
39,noche,alta,0.95,0.27,0.75,series cortas,thriller,espumoso,rock,ciencia ficcion,rock
44,manana,media,0.44,0.43,0.34,series largas,no ficcion,dulce,jazz,drama,jazz
18,tarde,media,0.65,0.18,0.57,anime,no ficcion,dulce,rock,terror,rock
34,noche,media,0.79,0.52,0.5,documentales,no ficcion,bajo en acidez,electronica,drama,reggaeton
25,manana,media,0.73,1.0,0.52,series largas,romance,afrutado,pop,comedia,pop
49,noche,alta,0.79,0.36,0.75,series largas,thriller,dulce,rock,accion,rock
26,tarde,alta,0.86,0.68,0.79,series cortas,fantasia,afrutado,reggaeton,accion,reggaeton
42,noche,media,0.74,0.73,0.65,series cortas,ciencia ficcion,espumoso,electronica,comedia,reggaeton
21,noche,alta,1.0,0.5,0.41,series largas,romance,afrutado,electronica,ciencia ficcion,electronica
31,noche,alta,0.64,0.45,0.75,documentales,thriller,espumoso,rock,ciencia ficcion,rock
18,noche,media,0.97,0.75,0.64,anime,fantasia,dulce,electronica,accion,pop
27,tarde,alta,0.83,0.29,0.55,series largas,ciencia ficcion,bajo en acidez,rock,ciencia ficcion,rock
39,manana,media,0.61,0.58,0.27,series largas,no ficcion,seco,jazz,drama,jazz
37,manana,media,0.62,0.63,0.59,series largas,thriller,afrutado,reggaeton,terror,reggaeton
30,noche,alta,0.73,0.69,0.52,series largas,romance,afrutado,pop,comedia,reggaeton
24,noche,alta,0.85,0.37,1.0,peliculas,thriller,espumoso,electronica,terror,rock
28,tarde,media,0.82,0.81,0.44,series cortas,romance,afrutado,pop,comedia,pop
44,tarde,baja,0.51,0.51,0.34,series cortas,no ficcion,seco,jazz,drama,jazz
41,tarde,alta,0.53,0.62,0.4,peliculas,romance,bajo en acidez,jazz,drama,jazz
37,noche,media,0.57,0.89,0.55,peliculas,romance,afrutado,electronica,comedia,pop
36,tarde,baja,0.84,0.5,0.33,series largas,no ficcion,bajo en acidez,jazz,drama,jazz
26,tarde,alta,0.81,0.62,0.54,documentales,fantasia,afrutado,pop,terror,reggaeton
18,noche,alta,0.82,0.43,0.52,anime,ciencia ficcion,bajo en acidez,electronica,terror,electronica
48,tarde,baja,0.61,0.59,0.37,anime,no ficcion,bajo en acidez,jazz,drama,jazz
26,manana,alta,0.67,0.53,0.48,series largas,ciencia ficcion,bajo en acidez,electronica,terror,reggaeton
33,tarde,alta,0.67,0.59,0.55,documentales,no ficcion,bajo en acidez,reggaeton,terror,reggaeton
18,noche,media,0.65,0.94,0.46,documentales,romance,afrutado,pop,comedia,pop
42,manana,media,0.96,0.44,0.79,anime,ciencia ficcion,espumoso,rock,ciencia ficcion,rock
31,noche,alta,0.72,0.55,0.7,documentales,thriller,espumoso,reggaeton,ciencia ficcion,reggaeton
44,noche,baja,0.83,0.33,0.87,series largas,thriller,espumoso,rock,ciencia ficcion,rock
24,tarde,media,0.7,0.72,0.53,anime,fantasia,afrutado,pop,comedia,pop
37,noche,baja,0.83,0.25,0.88,series largas,thriller,espumoso,rock,terror,rock
31,tarde,alta,0.82,0.75,0.49,documentales,romance,afrutado,pop,comedia,pop
33,noche,baja,0.85,0.47,0.21,documentales,no ficcion,seco,jazz,drama,jazz
18,noche,media,0.76,0.53,0.53,peliculas,romance,dulce,electronica,ciencia ficcion,electronica
29,manana,alta,0.77,0.29,0.7,series largas,thriller,afrutado,rock,accion,rock
26,manana,alta,0.82,0.49,0.73,series largas,ciencia ficcion,espumoso,reggaeton,accion,electronica
35,tarde,media,0.63,0.78,0.54,series cortas,romance,dulce,pop,comedia,reggaeton
26,noche,baja,0.85,0.88,0.61,peliculas,fantasia,afrutado,pop,comedia,pop
27,noche,alta,0.72,0.64,0.85,peliculas,fantasia,afrutado,reggaeton,accion,electronica
26,tarde,alta,0.94,0.7,0.46,anime,fantasia,seco,pop,accion,pop
36,manana,alta,0.68,0.68,0.5,series largas,no ficcion,bajo en acidez,electronica,accion,reggaeton
24,noche,media,0.78,0.34,0.68,series largas,thriller,espumoso,rock,terror,electronica
45,tarde,alta,1.0,0.39,0.73,series cortas,ciencia ficcion,espumoso,rock,ciencia ficcion,rock
29,noche,alta,0.74,0.1,0.78,series largas,thriller,afrutado,rock,terror,rock
35,noche,media,0.93,0.53,0.56,series largas,ciencia ficcion,espumoso,reggaeton,ciencia ficcion,reggaeton
31,noche,baja,0.76,0.41,0.64,series cortas,ciencia ficcion,dulce,rock,ciencia ficcion,rock
22,noche,media,0.74,0.66,0.48,series cortas,fantasia,dulce,pop,comedia,reggaeton
18,tarde,alta,0.66,0.81,0.37,series largas,romance,seco,reggaeton,comedia,pop
18,manana,media,0.91,0.66,0.29,series largas,romance,bajo en acidez,reggaeton,drama,pop
29,tarde,media,0.81,0.57,0.67,documentales,fantasia,espumoso,reggaeton,ciencia ficcion,reggaeton
35,noche,media,0.75,0.34,0.74,documentales,thriller,espumoso,rock,terror,rock
30,noche,alta,0.98,0.61,0.41,anime,ciencia ficcion,seco,reggaeton,drama,reggaeton
32,tarde,media,0.59,0.51,0.42,series cortas,romance,bajo en acidez,jazz,drama,jazz
31,manana,media,0.76,0.56,0.71,anime,fantasia,espumoso,reggaeton,terror,reggaeton
29,manana,alta,0.59,0.5,0.77,series cortas,thriller,espumoso,electronica,accion,reggaeton
26,tarde,media,0.76,0.66,0.4,documentales,romance,bajo en acidez,reggaeton,accion,reggaeton
29,tarde,alta,0.82,0.32,0.59,anime,thriller,seco,rock,terror,rock
19,noche,baja,0.72,0.8,0.55,peliculas,romance,dulce,pop,comedia,pop
42,manana,media,0.83,0.48,0.46,series largas,ciencia ficcion,bajo en acidez,reggaeton,drama,reggaeton
40,manana,baja,0.54,0.55,0.17,series largas,no ficcion,seco,jazz,drama,jazz
22,tarde,media,0.97,0.65,0.45,series largas,fantasia,afrutado,pop,accion,pop
26,noche,alta,0.72,0.71,0.61,series cortas,fantasia,dulce,pop,comedia,reggaeton
25,noche,alta,0.89,0.71,0.6,series cortas,romance,dulce,reggaeton,ciencia ficcion,reggaeton
25,noche,media,0.73,0.61,0.5,peliculas,romance,dulce,pop,terror,reggaeton
36,tarde,media,0.85,0.5,0.7,series largas,ciencia ficcion,espumoso,reggaeton,terror,rock
23,noche,alta,0.79,0.42,0.59,anime,ciencia ficcion,afrutado,electronica,ciencia ficcion,electronica
40,tarde,baja,0.75,0.84,0.21,documentales,romance,bajo en acidez,jazz,terror,jazz
23,noche,media,1.0,0.68,0.66,series largas,fantasia,seco,electronica,ciencia ficcion,pop
23,noche,alta,0.92,0.45,0.47,peliculas,ciencia ficcion,afrutado,reggaeton,terror,electronica
42,noche,alta,0.97,0.55,0.82,peliculas,fantasia,espumoso,rock,accion,rock
34,noche,alta,0.49,0.39,0.69,anime,thriller,dulce,rock,terror,rock
35,tarde,alta,0.76,0.42,0.61,series largas,thriller,seco,rock,terror,rock
26,manana,baja,0.59,0.54,0.4,series largas,no ficcion,seco,jazz,drama,jazz
18,manana,baja,0.74,0.6,0.45,anime,fantasia,dulce,pop,terror,pop
18,manana,media,0.71,0.75,0.23,series largas,romance,bajo en acidez,jazz,comedia,jazz
45,tarde,media,0.51,0.52,0.35,documentales,no ficcion,seco,jazz,drama,jazz
18,manana,alta,0.72,1.0,0.45,series cortas,romance,afrutado,pop,comedia,pop
30,tarde,media,0.72,0.67,0.85,peliculas,fantasia,dulce,electronica,accion,pop
25,tarde,media,0.63,0.7,0.63,documentales,fantasia,seco,pop,comedia,pop
19,manana,media,0.77,0.48,0.59,peliculas,ciencia ficcion,seco,reggaeton,terror,electronica
37,manana,media,0.39,0.47,0.61,series largas,no ficcion,seco,reggaeton,accion,reggaeton
31,tarde,alta,0.69,0.0,0.82,peliculas,thriller,seco,rock,terror,rock
43,manana,media,0.49,0.63,0.42,peliculas,no ficcion,seco,jazz,terror,jazz
37,noche,media,0.94,0.35,0.53,documentales,ciencia ficcion,seco,rock,terror,rock
42,noche,media,0.64,0.4,0.53,documentales,no ficcion,seco,reggaeton,drama,rock
50,manana,alta,0.9,0.62,0.4,documentales,no ficcion,bajo en acidez,jazz,drama,jazz
29,manana,media,0.52,0.55,0.26,documentales,no ficcion,bajo en acidez,jazz,drama,jazz
29,noche,alta,0.86,0.35,0.75,series largas,thriller,espumoso,rock,terror,rock
27,noche,alta,0.72,0.49,0.59,series cortas,ciencia ficcion,afrutado,electronica,terror,electronica
34,manana,media,0.59,0.24,0.6,peliculas,thriller,seco,rock,terror,rock
18,manana,media,0.77,0.55,0.36,series cortas,no ficcion,bajo en acidez,reggaeton,drama,reggaeton
38,noche,alta,0.82,0.27,0.37,peliculas,ciencia ficcion,seco,electronica,drama,jazz
34,tarde,media,0.82,0.82,0.4,series cortas,romance,dulce,reggaeton,comedia,reggaeton
52,tarde,media,0.77,0.38,0.39,series largas,no ficcion,seco,jazz,drama,jazz
25,tarde,alta,0.77,0.49,0.81,documentales,ciencia ficcion,espumoso,reggaeton,terror,electronica
30,manana,baja,0.79,0.65,0.69,anime,fantasia,seco,pop,ciencia ficcion,pop
18,tarde,media,0.78,0.6,0.33,series largas,romance,bajo en acidez,reggaeton,terror,reggaeton
36,noche,alta,0.78,0.7,0.39,series largas,romance,bajo en acidez,jazz,terror,jazz
32,tarde,alta,0.84,0.55,0.57,series largas,ciencia ficcion,seco,reggaeton,ciencia ficcion,reggaeton
36,tarde,alta,0.89,0.41,0.61,peliculas,ciencia ficcion,dulce,rock,ciencia ficcion,rock
25,manana,baja,0.98,0.67,0.69,documentales,ciencia ficcion,dulce,pop,accion,pop
56,manana,baja,0.66,0.32,0.43,documentales,no ficcion,seco,jazz,drama,jazz
41,tarde,alta,0.89,0.34,0.53,documentales,no ficcion,seco,rock,drama,rock
24,manana,alta,0.9,0.35,0.77,peliculas,ciencia ficcion,espumoso,electronica,accion,rock
55,manana,baja,0.9,0.69,0.25,series largas,no ficcion,bajo en acidez,jazz,drama,jazz
18,noche,media,0.82,0.74,0.48,documentales,romance,afrutado,pop,comedia,pop
51,noche,alta,0.88,0.33,0.26,documentales,no ficcion,seco,jazz,drama,jazz
30,noche,media,0.88,0.55,0.6,peliculas,ciencia ficcion,espumoso,electronica,ciencia ficcion,electronica
28,noche,alta,0.78,0.36,0.82,series largas,thriller,espumoso,rock,terror,rock
25,noche,media,0.77,0.41,0.77,series cortas,thriller,espumoso,electronica,terror,electronica
23,noche,media,0.61,0.69,0.53,series cortas,romance,afrutado,pop,comedia,reggaeton
29,manana,alta,0.89,0.38,0.78,series largas,thriller,espumoso,electronica,terror,rock
26,tarde,alta,0.67,0.4,0.99,series cortas,thriller,espumoso,electronica,terror,rock
32,tarde,baja,0.74,0.4,0.66,series largas,thriller,afrutado,rock,accion,rock
28,noche,media,0.76,0.57,0.17,series cortas,romance,bajo en acidez,jazz,drama,jazz
28,noche,media,0.9,0.53,0.66,series cortas,fantasia,espumoso,electronica,ciencia ficcion,reggaeton
39,noche,baja,1.0,0.46,0.35,peliculas,romance,seco,jazz,drama,jazz
44,manana,media,0.68,0.46,0.41,documentales,no ficcion,seco,jazz,drama,jazz
31,tarde,baja,0.63,0.54,0.41,documentales,no ficcion,bajo en acidez,jazz,drama,jazz
27,manana,baja,0.63,0.67,0.37,series cortas,no ficcion,bajo en acidez,jazz,accion,jazz
25,noche,alta,0.7,0.75,0.36,series largas,romance,bajo en acidez,electronica,comedia,pop
41,tarde,media,0.89,0.57,0.48,documentales,no ficcion,bajo en acidez,reggaeton,ciencia ficcion,reggaeton
31,tarde,media,0.8,0.7,0.36,documentales,romance,afrutado,electronica,terror,jazz
18,noche,media,0.83,0.48,0.47,peliculas,fantasia,bajo en acidez,reggaeton,terror,electronica
29,manana,alta,0.53,0.5,0.7,peliculas,thriller,seco,reggaeton,ciencia ficcion,reggaeton
48,manana,alta,0.66,0.6,0.34,anime,no ficcion,bajo en acidez,jazz,drama,jazz
27,tarde,media,0.79,0.52,0.66,series largas,ciencia ficcion,dulce,reggaeton,accion,electronica
36,tarde,alta,0.71,0.62,0.69,series largas,no ficcion,espumoso,reggaeton,ciencia ficcion,reggaeton
22,tarde,alta,0.85,0.54,0.77,anime,ciencia ficcion,afrutado,electronica,ciencia ficcion,electronica
33,tarde,media,0.75,0.75,0.34,peliculas,romance,bajo en acidez,jazz,comedia,jazz
26,noche,media,0.96,0.45,0.51,anime,fantasia,dulce,electronica,accion,electronica
21,noche,alta,0.88,0.4,0.82,peliculas,thriller,espumoso,reggaeton,accion,electronica
38,manana,media,0.64,0.48,0.49,documentales,no ficcion,seco,electronica,drama,jazz
24,manana,alta,0.65,0.59,0.6,peliculas,ciencia ficcion,afrutado,pop,terror,reggaeton
18,noche,media,0.76,0.62,0.76,peliculas,fantasia,dulce,reggaeton,accion,pop
32,noche,media,0.61,0.46,0.61,peliculas,fantasia,bajo en acidez,reggaeton,ciencia ficcion,electronica
22,tarde,media,0.45,0.64,0.66,peliculas,fantasia,afrutado,pop,comedia,pop
42,tarde,baja,0.48,0.75,0.36,documentales,no ficcion,bajo en acidez,jazz,comedia,jazz
18,noche,media,0.81,0.69,0.44,anime,fantasia,afrutado,pop,terror,pop
25,noche,media,0.66,0.8,0.39,documentales,romance,dulce,reggaeton,comedia,pop
25,noche,alta,0.66,0.79,0.7,series largas,fantasia,dulce,pop,comedia,pop
26,manana,media,0.69,0.83,0.46,series cortas,romance,afrutado,reggaeton,comedia,pop
18,noche,alta,0.56,0.88,0.48,documentales,romance,afrutado,pop,comedia,pop
20,tarde,alta,0.74,0.75,0.47,series cortas,romance,afrutado,pop,comedia,pop
25,noche,baja,0.86,0.66,0.63,documentales,ciencia ficcion,dulce,reggaeton,ciencia ficcion,pop
34,tarde,media,0.77,0.33,0.7,series cortas,thriller,seco,rock,ciencia ficcion,rock
40,noche,baja,0.48,0.55,0.58,anime,no ficcion,seco,reggaeton,terror,rock
23,tarde,alta,0.98,0.47,0.66,documentales,ciencia ficcion,espumoso,reggaeton,accion,electronica
25,manana,alta,0.66,0.76,0.58,documentales,romance,afrutado,reggaeton,comedia,pop
20,noche,media,0.77,0.77,0.7,series cortas,romance,dulce,reggaeton,comedia,pop
23,noche,media,0.64,0.62,0.57,anime,romance,dulce,pop,accion,electronica
28,manana,baja,0.76,0.51,0.53,peliculas,no ficcion,bajo en acidez,electronica,terror,electronica
18,noche,alta,0.89,0.51,0.71,documentales,fantasia,espumoso,electronica,ciencia ficcion,electronica
23,tarde,alta,1.0,0.6,0.49,peliculas,ciencia ficcion,afrutado,electronica,ciencia ficcion,electronica
26,noche,media,0.77,0.5,0.69,anime,fantasia,espumoso,electronica,terror,electronica
18,noche,media,0.72,0.84,0.51,peliculas,romance,afrutado,pop,comedia,pop
24,manana,alta,0.95,0.37,0.56,documentales,ciencia ficcion,afrutado,reggaeton,accion,electronica
31,tarde,alta,0.72,0.46,0.47,documentales,no ficcion,bajo en acidez,reggaeton,drama,reggaeton
37,noche,alta,0.76,0.56,0.74,documentales,thriller,espumoso,rock,ciencia ficcion,rock
33,noche,alta,0.64,0.93,0.41,series cortas,romance,afrutado,reggaeton,comedia,pop
28,tarde,alta,0.8,0.85,0.26,series largas,romance,afrutado,electronica,comedia,jazz
34,manana,media,0.61,0.47,0.08,series largas,no ficcion,seco,jazz,drama,jazz
24,manana,media,0.89,0.69,0.66,series cortas,fantasia,dulce,reggaeton,ciencia ficcion,reggaeton
58,tarde,baja,0.64,0.81,0.39,documentales,no ficcion,bajo en acidez,jazz,drama,jazz
44,manana,baja,0.8,0.5,0.29,documentales,no ficcion,bajo en acidez,jazz,drama,jazz
25,tarde,media,0.92,0.74,0.46,anime,fantasia,afrutado,pop,comedia,pop
31,manana,alta,0.79,0.46,0.54,series largas,thriller,bajo en acidez,reggaeton,accion,reggaeton
22,tarde,media,0.67,0.75,0.38,peliculas,romance,afrutado,electronica,comedia,pop
34,noche,media,0.85,0.59,0.76,anime,ciencia ficcion,espumoso,rock,ciencia ficcion,reggaeton
27,tarde,alta,0.67,0.79,0.6,series largas,romance,afrutado,pop,comedia,pop
27,noche,baja,0.72,1.0,0.42,peliculas,romance,dulce,pop,comedia,pop
23,noche,baja,1.0,0.78,0.68,peliculas,fantasia,dulce,pop,accion,pop
35,tarde,alta,0.76,0.48,0.75,series largas,thriller,espumoso,rock,accion,rock
34,noche,alta,0.68,0.38,0.55,series cortas,thriller,seco,electronica,ciencia ficcion,rock
25,noche,baja,0.88,0.34,0.52,peliculas,ciencia ficcion,bajo en acidez,rock,ciencia ficcion,rock
22,tarde,alta,0.58,0.74,0.49,peliculas,fantasia,dulce,pop,comedia,pop
37,noche,baja,0.81,0.4,0.62,series largas,ciencia ficcion,seco,rock,ciencia ficcion,rock
41,tarde,alta,0.45,0.6,0.48,series largas,no ficcion,bajo en acidez,jazz,terror,jazz
30,tarde,alta,0.96,0.47,0.65,peliculas,ciencia ficcion,espumoso,electronica,ciencia ficcion,rock
26,noche,alta,1.0,0.44,0.76,series largas,thriller,afrutado,reggaeton,accion,electronica
25,noche,media,0.53,0.59,0.49,peliculas,no ficcion,afrutado,electronica,terror,reggaeton
54,noche,media,0.94,0.59,0.61,documentales,ciencia ficcion,seco,rock,ciencia ficcion,rock
44,manana,alta,0.76,0.38,0.35,documentales,no ficcion,seco,jazz,drama,jazz
36,manana,alta,0.87,0.78,0.64,series largas,thriller,espumoso,reggaeton,ciencia ficcion,reggaeton
26,noche,alta,0.53,0.41,0.61,series cortas,thriller,bajo en acidez,reggaeton,terror,electronica
40,manana,media,0.8,0.71,0.4,anime,no ficcion,bajo en acidez,jazz,drama,jazz
56,noche,media,0.57,0.47,0.6,documentales,no ficcion,dulce,electronica,drama,rock
24,manana,alta,0.86,0.61,0.61,series cortas,fantasia,dulce,pop,ciencia ficcion,reggaeton
40,tarde,baja,0.79,0.7,0.51,peliculas,romance,dulce,reggaeton,accion,pop
21,noche,alta,0.66,0.46,0.57,anime,fantasia,bajo en acidez,reggaeton,ciencia ficcion,electronica
32,noche,alta,0.61,0.66,0.42,documentales,romance,seco,jazz,terror,jazz
35,manana,media,0.76,0.36,0.37,series cortas,no ficcion,seco,jazz,drama,jazz
29,manana,alta,0.82,0.77,0.49,peliculas,fantasia,afrutado,pop,comedia,pop
27,noche,media,0.71,0.98,0.48,peliculas,romance,dulce,pop,comedia,pop
26,tarde,alta,0.77,0.65,0.38,peliculas,fantasia,afrutado,reggaeton,accion,reggaeton
41,manana,baja,0.43,0.26,0.27,documentales,no ficcion,seco,jazz,drama,jazz
32,tarde,media,0.99,0.45,0.84,series largas,thriller,espumoso,rock,accion,rock
59,tarde,media,0.65,0.66,0.41,documentales,no ficcion,seco,jazz,drama,jazz
36,manana,media,0.67,0.51,0.79,peliculas,thriller,espumoso,rock,accion,rock
29,noche,media,0.93,0.41,0.47,peliculas,ciencia ficcion,bajo en acidez,reggaeton,drama,electronica
25,manana,alta,0.6,0.89,0.42,peliculas,romance,dulce,electronica,comedia,pop
51,noche,media,0.65,0.49,0.32,documentales,no ficcion,dulce,jazz,drama,jazz
26,noche,alta,1.0,0.65,0.73,peliculas,ciencia ficcion,seco,reggaeton,accion,electronica
18,manana,media,0.71,0.72,0.45,series largas,romance,dulce,electronica,comedia,pop
34,manana,media,0.86,0.27,0.28,documentales,no ficcion,dulce,jazz,drama,jazz
37,noche,media,1.0,0.34,0.63,series cortas,ciencia ficcion,espumoso,rock,ciencia ficcion,rock
27,noche,media,0.89,0.46,0.78,peliculas,ciencia ficcion,espumoso,electronica,ciencia ficcion,rock
27,noche,alta,0.7,0.32,0.57,peliculas,thriller,seco,rock,ciencia ficcion,rock
29,noche,media,0.63,0.43,0.64,documentales,thriller,bajo en acidez,rock,terror,reggaeton
26,noche,media,0.73,0.82,0.37,series largas,romance,dulce,electronica,comedia,pop
42,manana,baja,0.51,0.71,0.35,series cortas,no ficcion,bajo en acidez,jazz,terror,jazz
29,noche,alta,0.96,0.47,0.58,series cortas,thriller,afrutado,reggaeton,ciencia ficcion,electronica
27,noche,alta,0.64,0.69,0.56,peliculas,romance,afrutado,reggaeton,comedia,pop
37,noche,alta,0.89,0.4,0.74,peliculas,thriller,espumoso,electronica,accion,rock
18,tarde,media,0.47,0.81,0.51,series largas,romance,afrutado,electronica,comedia,pop
36,manana,baja,0.98,0.57,0.59,peliculas,ciencia ficcion,espumoso,rock,accion,rock
18,noche,baja,0.86,0.63,0.62,series largas,fantasia,dulce,pop,ciencia ficcion,pop
29,tarde,media,0.44,0.68,0.54,series largas,romance,bajo en acidez,reggaeton,comedia,reggaeton
21,tarde,media,0.84,0.3,0.63,series largas,thriller,afrutado,rock,terror,electronica
34,tarde,media,0.66,0.4,0.86,documentales,ciencia ficcion,espumoso,rock,terror,rock
32,tarde,media,0.95,0.17,0.71,series largas,thriller,seco,rock,accion,rock
24,noche,alta,0.6,0.5,0.69,series cortas,thriller,dulce,reggaeton,terror,electronica
30,noche,media,0.63,0.88,0.23,anime,romance,bajo en acidez,jazz,comedia,jazz
29,manana,alta,0.76,0.41,0.84,series largas,thriller,espumoso,rock,accion,rock
41,manana,baja,0.8,0.42,0.35,documentales,no ficcion,seco,jazz,drama,jazz
20,tarde,media,0.9,0.54,0.65,anime,fantasia,afrutado,reggaeton,ciencia ficcion,electronica
18,tarde,alta,0.74,0.31,0.6,series largas,no ficcion,afrutado,rock,terror,electronica
18,tarde,media,0.6,0.62,0.72,series cortas,romance,afrutado,electronica,accion,reggaeton
23,tarde,media,0.79,0.86,0.72,documentales,romance,dulce,pop,accion,pop
31,tarde,media,0.82,0.57,0.69,documentales,ciencia ficcion,espumoso,reggaeton,accion,reggaeton
40,manana,alta,0.63,0.61,0.36,documentales,no ficcion,bajo en acidez,jazz,drama,jazz
38,noche,baja,0.59,0.65,0.33,peliculas,no ficcion,bajo en acidez,jazz,drama,jazz
24,noche,alta,0.66,0.41,0.53,documentales,thriller,bajo en acidez,reggaeton,ciencia ficcion,electronica
19,tarde,media,0.66,0.88,0.53,documentales,fantasia,afrutado,pop,comedia,pop
22,manana,media,0.73,0.63,0.62,anime,ciencia ficcion,dulce,pop,accion,reggaeton
26,manana,alta,0.85,0.39,0.63,peliculas,thriller,espumoso,reggaeton,ciencia ficcion,electronica
37,tarde,alta,0.58,0.64,0.57,peliculas,romance,seco,electronica,terror,reggaeton
41,noche,media,0.83,0.87,0.38,anime,romance,bajo en acidez,jazz,comedia,jazz
53,tarde,baja,0.86,0.44,0.32,series cortas,no ficcion,dulce,jazz,drama,jazz
18,manana,alta,0.71,0.71,0.74,anime,fantasia,seco,electronica,comedia,pop
32,tarde,media,0.6,0.75,0.4,documentales,romance,bajo en acidez,jazz,comedia,jazz
26,tarde,media,0.78,0.77,0.55,peliculas,fantasia,dulce,pop,accion,pop
32,tarde,alta,0.57,0.77,0.2,series cortas,romance,bajo en acidez,jazz,accion,jazz
27,tarde,media,0.79,0.66,0.75,peliculas,ciencia ficcion,dulce,reggaeton,accion,pop
41,tarde,media,0.78,0.22,0.85,documentales,thriller,seco,rock,terror,rock
49,manana,alta,0.83,0.5,0.38,peliculas,no ficcion,seco,jazz,drama,jazz
33,tarde,media,0.72,0.76,0.64,documentales,romance,seco,pop,comedia,pop
33,tarde,alta,0.96,0.57,0.82,documentales,ciencia ficcion,espumoso,reggaeton,accion,rock
26,noche,alta,0.65,0.31,0.8,series largas,thriller,dulce,electronica,terror,rock
35,tarde,alta,0.85,0.35,0.72,anime,thriller,espumoso,rock,terror,rock
30,tarde,media,0.8,0.63,0.4,anime,fantasia,bajo en acidez,reggaeton,drama,reggaeton
28,noche,alta,0.69,0.39,0.65,series cortas,thriller,seco,rock,terror,electronica
24,tarde,media,0.65,0.59,0.6,anime,fantasia,dulce,reggaeton,accion,reggaeton
21,noche,media,0.77,0.46,0.64,documentales,ciencia ficcion,dulce,electronica,ciencia ficcion,electronica
24,noche,media,0.9,0.58,0.64,series largas,fantasia,afrutado,reggaeton,ciencia ficcion,electronica
42,tarde,media,0.91,0.87,0.64,series largas,romance,espumoso,pop,comedia,pop
18,tarde,baja,0.73,0.77,0.43,documentales,romance,afrutado,pop,comedia,pop
29,manana,alta,0.67,0.63,0.39,series largas,romance,bajo en acidez,jazz,accion,jazz
26,noche,media,0.76,0.66,0.42,anime,fantasia,bajo en acidez,reggaeton,accion,reggaeton
32,noche,media,0.98,0.56,0.52,documentales,romance,espumoso,reggaeton,terror,reggaeton
36,tarde,alta,1.0,0.68,0.67,documentales,ciencia ficcion,espumoso,pop,terror,reggaeton
22,manana,media,0.97,0.65,0.52,peliculas,romance,seco,reggaeton,accion,pop
31,noche,media,0.69,0.59,0.38,documentales,no ficcion,bajo en acidez,jazz,drama,jazz
48,manana,media,0.7,0.58,0.35,peliculas,no ficcion,bajo en acidez,jazz,drama,jazz
18,noche,alta,0.62,0.71,0.71,peliculas,fantasia,afrutado,pop,comedia,pop
34,manana,alta,0.94,0.5,0.7,series cortas,ciencia ficcion,espumoso,rock,accion,rock
37,noche,alta,0.98,0.39,0.64,documentales,ciencia ficcion,espumoso,rock,accion,rock
37,tarde,media,0.6,0.69,0.43,anime,romance,bajo en acidez,jazz,accion,jazz
34,noche,alta,0.9,0.51,0.75,anime,ciencia ficcion,espumoso,rock,ciencia ficcion,rock
33,tarde,media,0.76,0.42,0.56,documentales,no ficcion,bajo en acidez,rock,accion,rock
34,tarde,media,0.85,0.38,0.61,series largas,ciencia ficcion,afrutado,rock,terror,rock
30,noche,alta,0.83,0.27,0.66,series largas,thriller,seco,rock,terror,rock
42,noche,alta,0.89,0.26,0.71,series largas,thriller,dulce,rock,ciencia ficcion,rock
34,tarde,alta,0.92,0.35,0.69,anime,ciencia ficcion,espumoso,rock,terror,rock
32,tarde,alta,0.63,0.29,0.75,anime,ciencia ficcion,dulce,rock,terror,rock
28,tarde,baja,1.0,0.31,0.48,series cortas,ciencia ficcion,bajo en acidez,rock,terror,rock
41,manana,alta,0.88,0.58,0.7,peliculas,ciencia ficcion,espumoso,rock,accion,rock
30,noche,baja,0.94,0.73,0.63,series largas,fantasia,afrutado,pop,terror,pop
36,noche,media,0.63,0.67,0.29,anime,no ficcion,bajo en acidez,jazz,drama,jazz
30,tarde,baja,0.87,0.98,0.63,anime,romance,dulce,pop,comedia,pop
28,noche,alta,0.91,0.51,0.7,documentales,ciencia ficcion,espumoso,reggaeton,terror,electronica
38,manana,baja,0.68,0.5,0.45,peliculas,no ficcion,bajo en acidez,jazz,drama,jazz
18,noche,alta,1.0,0.67,0.76,documentales,ciencia ficcion,dulce,electronica,accion,pop
32,tarde,alta,0.97,0.48,0.64,anime,ciencia ficcion,dulce,rock,accion,rock
23,manana,alta,0.86,0.82,0.62,documentales,ciencia ficcion,afrutado,reggaeton,comedia,pop
39,manana,alta,0.75,0.44,0.83,anime,ciencia ficcion,espumoso,rock,terror,rock
21,noche,alta,0.73,0.65,0.64,series largas,fantasia,afrutado,pop,terror,electronica
18,noche,media,0.94,0.3,0.55,series largas,ciencia ficcion,dulce,reggaeton,terror,electronica
32,noche,media,0.61,0.41,0.61,peliculas,ciencia ficcion,seco,reggaeton,ciencia ficcion,rock
31,tarde,media,0.65,0.69,0.4,peliculas,romance,bajo en acidez,electronica,comedia,jazz
31,noche,media,0.7,0.46,0.68,series largas,romance,espumoso,rock,ciencia ficcion,electronica
21,noche,alta,0.83,0.8,0.51,anime,fantasia,dulce,pop,comedia,pop
20,tarde,media,0.61,0.54,0.53,documentales,romance,seco,pop,accion,reggaeton
30,tarde,media,0.6,0.28,0.68,peliculas,thriller,dulce,rock,terror,rock
38,noche,media,0.67,0.41,0.45,series largas,thriller,bajo en acidez,reggaeton,drama,jazz
38,noche,alta,0.71,0.77,0.34,series largas,romance,bajo en acidez,jazz,comedia,jazz
38,manana,media,1.0,0.69,0.87,series largas,fantasia,espumoso,rock,ciencia ficcion,reggaeton
33,tarde,baja,0.85,0.57,0.37,anime,fantasia,bajo en acidez,jazz,drama,jazz
30,noche,media,0.91,0.48,0.44,series cortas,ciencia ficcion,bajo en acidez,reggaeton,drama,reggaeton
18,noche,media,0.76,0.81,0.46,peliculas,romance,dulce,pop,comedia,pop
31,tarde,media,0.81,0.42,0.87,anime,ciencia ficcion,espumoso,rock,accion,rock
19,tarde,alta,1.0,0.78,0.81,anime,fantasia,dulce,electronica,accion,pop
30,noche,media,0.77,0.52,0.71,documentales,thriller,dulce,electronica,ciencia ficcion,reggaeton
33,tarde,alta,0.81,0.39,0.73,peliculas,fantasia,espumoso,rock,terror,rock
29,manana,baja,0.72,0.78,0.45,peliculas,romance,afrutado,pop,comedia,pop
22,noche,alta,0.88,0.62,0.66,anime,fantasia,afrutado,reggaeton,ciencia ficcion,electronica
23,tarde,alta,0.84,0.63,0.69,anime,fantasia,dulce,pop,accion,electronica
33,manana,alta,0.66,0.39,0.52,series cortas,thriller,bajo en acidez,reggaeton,drama,reggaeton
19,tarde,alta,0.62,0.87,0.62,peliculas,romance,dulce,pop,comedia,pop
30,noche,media,0.9,0.52,0.73,anime,fantasia,espumoso,reggaeton,accion,electronica
45,manana,alta,1.0,0.47,0.94,peliculas,ciencia ficcion,espumoso,rock,ciencia ficcion,rock
27,manana,baja,0.49,0.55,0.49,documentales,no ficcion,bajo en acidez,reggaeton,accion,jazz
25,manana,media,0.7,0.59,0.5,anime,ciencia ficcion,bajo en acidez,pop,ciencia ficcion,reggaeton
21,noche,alta,0.91,0.35,0.68,anime,ciencia ficcion,espumoso,electronica,terror,electronica
28,tarde,alta,0.88,0.35,0.69,series largas,ciencia ficcion,espumoso,rock,accion,rock
29,noche,alta,1.0,0.26,0.63,peliculas,thriller,espumoso,rock,terror,rock
34,tarde,media,0.69,0.37,0.54,series largas,thriller,bajo en acidez,electronica,ciencia ficcion,rock
25,tarde,media,1.0,0.88,0.47,series cortas,romance,afrutado,pop,comedia,pop
25,noche,media,0.73,0.57,0.64,series largas,ciencia ficcion,afrutado,pop,ciencia ficcion,electronica
24,manana,media,0.91,0.56,0.81,documentales,ciencia ficcion,seco,reggaeton,ciencia ficcion,reggaeton
44,noche,media,0.74,0.52,0.45,documentales,no ficcion,seco,jazz,drama,jazz
35,noche,alta,0.83,0.28,0.57,series cortas,thriller,seco,rock,terror,rock
40,noche,alta,0.53,0.61,0.18,documentales,no ficcion,bajo en acidez,jazz,drama,jazz
33,noche,alta,0.89,0.28,0.67,series cortas,thriller,seco,rock,terror,rock
30,noche,alta,0.78,0.56,0.4,series largas,romance,bajo en acidez,electronica,drama,reggaeton
46,manana,media,0.62,0.38,0.47,documentales,no ficcion,dulce,jazz,drama,jazz
30,noche,media,1.0,0.36,0.55,series largas,thriller,dulce,rock,ciencia ficcion,rock
18,noche,alta,0.75,0.73,0.31,series largas,romance,bajo en acidez,reggaeton,comedia,pop
23,noche,media,0.68,0.47,0.56,series largas,thriller,bajo en acidez,electronica,accion,electronica
18,noche,alta,0.46,0.83,0.49,peliculas,romance,afrutado,reggaeton,comedia,pop
23,noche,baja,1.0,0.51,0.54,documentales,ciencia ficcion,afrutado,reggaeton,terror,electronica
29,noche,media,0.48,0.69,0.38,series cortas,romance,bajo en acidez,jazz,comedia,jazz
27,noche,alta,0.98,0.63,0.67,series largas,thriller,seco,electronica,accion,electronica
29,tarde,baja,0.89,0.75,0.43,series largas,ciencia ficcion,afrutado,electronica,comedia,pop
35,tarde,alta,0.95,0.42,0.66,documentales,ciencia ficcion,espumoso,rock,ciencia ficcion,rock
25,noche,alta,0.61,0.57,0.84,series largas,thriller,afrutado,reggaeton,terror,electronica
36,manana,alta,0.91,0.59,0.64,documentales,ciencia ficcion,espumoso,rock,ciencia ficcion,reggaeton
37,tarde,media,0.91,0.36,0.78,peliculas,thriller,espumoso,rock,terror,rock
34,noche,alta,0.86,0.43,0.75,series largas,thriller,espumoso,rock,ciencia ficcion,rock
27,tarde,alta,0.96,0.85,0.6,series largas,fantasia,dulce,pop,accion,pop
40,tarde,alta,0.8,0.28,0.69,documentales,thriller,dulce,rock,terror,rock
22,noche,alta,0.64,0.94,0.49,anime,romance,afrutado,pop,comedia,pop
41,tarde,media,0.61,0.45,0.58,documentales,no ficcion,seco,reggaeton,ciencia ficcion,rock
31,tarde,alta,0.8,0.19,0.72,series cortas,thriller,dulce,rock,terror,rock
25,manana,media,0.93,0.76,0.99,documentales,fantasia,dulce,reggaeton,accion,pop
34,noche,media,0.94,0.3,0.7,series largas,thriller,espumoso,rock,accion,rock
24,noche,alta,1.0,0.31,0.78,anime,thriller,afrutado,electronica,terror,rock
32,noche,alta,0.7,0.38,0.74,series cortas,thriller,espumoso,rock,ciencia ficcion,rock
21,noche,alta,0.85,0.53,0.49,series largas,fantasia,afrutado,pop,accion,electronica
25,tarde,media,0.77,0.47,0.72,documentales,ciencia ficcion,espumoso,electronica,accion,electronica
34,noche,alta,0.87,0.43,0.53,series largas,thriller,dulce,rock,accion,electronica
57,tarde,baja,0.65,0.39,0.44,documentales,no ficcion,seco,jazz,drama,jazz
57,noche,baja,0.47,0.29,0.59,series largas,no ficcion,seco,reggaeton,drama,rock
21,tarde,alta,0.55,0.84,0.34,series largas,romance,bajo en acidez,reggaeton,comedia,pop
29,manana,alta,0.83,0.38,0.91,series cortas,thriller,espumoso,reggaeton,accion,rock
18,noche,alta,0.88,0.49,0.8,anime,fantasia,espumoso,electronica,ciencia ficcion,electronica
42,tarde,alta,0.69,0.7,0.48,documentales,romance,bajo en acidez,jazz,terror,jazz
25,noche,media,0.73,0.63,0.25,series largas,romance,bajo en acidez,jazz,drama,jazz
20,noche,media,0.8,0.49,0.27,documentales,no ficcion,bajo en acidez,jazz,drama,jazz
30,noche,alta,0.82,0.39,0.6,series largas,ciencia ficcion,dulce,rock,ciencia ficcion,electronica
35,manana,alta,0.8,0.33,0.67,peliculas,thriller,seco,rock,ciencia ficcion,rock
65,tarde,alta,0.72,0.42,0.54,documentales,no ficcion,seco,jazz,drama,rock
18,tarde,alta,0.83,0.72,0.73,anime,fantasia,afrutado,pop,accion,pop
41,noche,baja,0.81,0.37,0.99,anime,thriller,espumoso,rock,accion,rock
35,noche,alta,0.83,0.26,0.75,series largas,thriller,espumoso,rock,terror,rock
21,noche,alta,0.7,0.56,0.64,peliculas,fantasia,seco,reggaeton,accion,electronica
37,tarde,baja,0.75,0.2,0.67,documentales,thriller,seco,rock,terror,rock
34,manana,media,1.0,0.3,0.81,anime,ciencia ficcion,espumoso,rock,ciencia ficcion,rock
30,manana,alta,0.67,0.57,0.63,series cortas,thriller,afrutado,pop,accion,reggaeton
28,noche,alta,0.74,0.48,0.72,anime,ciencia ficcion,espumoso,electronica,accion,electronica
24,noche,media,0.9,0.62,0.61,series largas,ciencia ficcion,dulce,pop,ciencia ficcion,electronica
24,manana,media,0.86,0.54,0.67,peliculas,fantasia,espumoso,electronica,ciencia ficcion,electronica
18,manana,alta,0.59,0.39,0.43,series largas,no ficcion,bajo en acidez,electronica,terror,electronica
29,noche,baja,0.86,0.53,0.74,series largas,thriller,espumoso,reggaeton,accion,electronica
29,noche,alta,0.9,0.74,0.62,series cortas,ciencia ficcion,afrutado,pop,accion,reggaeton
30,manana,media,0.98,0.48,0.86,documentales,ciencia ficcion,espumoso,electronica,accion,rock
36,manana,alta,0.82,0.66,0.56,series cortas,ciencia ficcion,espumoso,reggaeton,ciencia ficcion,reggaeton
19,tarde,media,0.75,0.54,0.35,anime,fantasia,bajo en acidez,reggaeton,drama,electronica
32,noche,media,0.73,0.47,0.57,series largas,fantasia,bajo en acidez,electronica,ciencia ficcion,electronica
41,tarde,alta,0.55,0.69,0.31,series cortas,no ficcion,bajo en acidez,jazz,drama,jazz
28,tarde,alta,0.75,0.85,0.38,anime,romance,afrutado,reggaeton,comedia,pop
35,noche,media,0.75,0.26,0.64,series largas,thriller,seco,rock,terror,rock
18,manana,media,1.0,0.31,0.52,series largas,ciencia ficcion,dulce,reggaeton,ciencia ficcion,electronica
29,tarde,baja,0.69,0.34,0.5,series cortas,ciencia ficcion,seco,electronica,drama,rock
46,manana,alta,0.79,0.57,0.47,peliculas,no ficcion,dulce,jazz,drama,jazz
24,tarde,alta,0.84,0.61,0.52,series cortas,fantasia,dulce,electronica,ciencia ficcion,reggaeton
29,noche,media,0.64,0.75,0.33,peliculas,romance,bajo en acidez,jazz,comedia,jazz
47,manana,baja,0.4,0.34,0.26,documentales,no ficcion,seco,jazz,drama,jazz
21,noche,alta,0.8,0.67,0.77,anime,fantasia,afrutado,pop,terror,electronica
25,manana,media,0.75,0.52,0.65,series cortas,fantasia,afrutado,reggaeton,ciencia ficcion,reggaeton
45,manana,alta,0.51,0.75,0.37,series cortas,no ficcion,bajo en acidez,jazz,comedia,jazz
34,manana,alta,0.59,0.37,0.52,anime,ciencia ficcion,seco,reggaeton,terror,rock
25,noche,baja,0.7,0.6,0.33,anime,ciencia ficcion,bajo en acidez,jazz,drama,jazz
37,noche,baja,0.59,0.4,0.8,peliculas,thriller,espumoso,rock,terror,rock
18,noche,baja,0.64,0.62,0.66,series largas,fantasia,dulce,pop,terror,pop
41,tarde,media,0.86,0.7,0.64,peliculas,ciencia ficcion,espumoso,electronica,ciencia ficcion,reggaeton
18,noche,alta,0.9,0.53,0.74,peliculas,ciencia ficcion,dulce,electronica,terror,electronica
37,tarde,media,0.64,0.66,0.84,anime,ciencia ficcion,espumoso,rock,accion,reggaeton
36,tarde,media,0.85,0.85,0.53,series cortas,romance,dulce,pop,comedia,pop
29,tarde,media,0.79,0.32,0.62,series largas,thriller,seco,rock,accion,rock
29,tarde,alta,1.0,0.61,0.78,documentales,thriller,espumoso,electronica,accion,reggaeton
18,tarde,media,0.82,0.56,0.52,series largas,fantasia,seco,pop,ciencia ficcion,electronica
22,tarde,media,0.53,0.81,0.55,documentales,romance,seco,pop,comedia,pop
21,tarde,alta,0.48,0.78,0.38,series largas,romance,bajo en acidez,reggaeton,comedia,pop
18,tarde,alta,0.65,0.78,0.48,peliculas,romance,afrutado,electronica,comedia,pop
29,noche,alta,0.96,0.48,0.44,series cortas,romance,bajo en acidez,electronica,ciencia ficcion,reggaeton
30,noche,alta,0.72,0.28,0.79,anime,ciencia ficcion,espumoso,rock,terror,rock
26,tarde,media,0.79,0.63,0.39,series largas,romance,afrutado,electronica,terror,reggaeton
32,manana,media,0.6,0.45,0.86,peliculas,thriller,espumoso,rock,accion,rock
29,noche,media,0.88,0.39,0.52,series largas,thriller,bajo en acidez,reggaeton,terror,electronica
25,noche,alta,0.69,0.93,0.51,series cortas,romance,afrutado,pop,comedia,pop
47,tarde,alta,0.55,0.39,0.36,series cortas,no ficcion,seco,jazz,drama,jazz
30,tarde,alta,0.84,0.66,0.52,series largas,fantasia,afrutado,pop,accion,reggaeton
35,noche,baja,0.75,0.53,0.31,series largas,romance,bajo en acidez,jazz,drama,jazz
43,manana,alta,1.0,0.41,0.52,series largas,ciencia ficcion,seco,electronica,drama,rock
40,tarde,media,0.58,0.62,0.37,series largas,no ficcion,bajo en acidez,jazz,terror,jazz
30,noche,alta,0.96,0.7,0.77,series cortas,fantasia,seco,electronica,accion,reggaeton
18,tarde,alta,0.71,0.41,0.62,anime,ciencia ficcion,dulce,reggaeton,accion,electronica
20,tarde,baja,0.87,0.31,0.66,peliculas,ciencia ficcion,espumoso,electronica,terror,rock
19,noche,alta,0.79,0.6,0.85,peliculas,fantasia,dulce,electronica,accion,electronica
41,noche,alta,0.9,0.67,0.88,peliculas,thriller,espumoso,rock,accion,rock
33,noche,baja,1.0,0.45,0.42,documentales,fantasia,afrutado,reggaeton,drama,rock
19,noche,media,0.84,0.69,0.66,anime,fantasia,dulce,pop,accion,pop
18,noche,media,0.9,0.58,0.73,anime,ciencia ficcion,dulce,electronica,accion,electronica
37,noche,media,0.62,0.5,0.55,series cortas,no ficcion,seco,electronica,ciencia ficcion,reggaeton
27,tarde,baja,0.85,0.93,0.34,anime,romance,afrutado,pop,comedia,pop
27,noche,baja,0.81,0.43,0.7,series largas,thriller,espumoso,electronica,terror,electronica
20,noche,alta,0.7,0.76,0.23,series largas,romance,bajo en acidez,jazz,comedia,jazz
36,manana,alta,0.91,0.58,0.58,documentales,fantasia,espumoso,reggaeton,ciencia ficcion,reggaeton
40,tarde,baja,0.45,0.6,0.24,peliculas,no ficcion,seco,jazz,drama,jazz
19,tarde,alta,0.83,0.74,0.65,series largas,fantasia,dulce,pop,comedia,pop
22,tarde,media,0.81,0.67,0.69,series largas,romance,afrutado,pop,accion,pop
42,noche,alta,0.82,0.59,0.6,peliculas,ciencia ficcion,dulce,rock,ciencia ficcion,rock
32,noche,alta,0.84,0.4,0.88,series cortas,thriller,espumoso,rock,accion,rock
23,noche,alta,0.7,0.36,0.62,documentales,thriller,afrutado,rock,ciencia ficcion,electronica
41,manana,baja,0.82,0.48,0.56,series largas,ciencia ficcion,bajo en acidez,rock,terror,rock
46,tarde,media,0.96,0.42,0.22,series largas,no ficcion,seco,jazz,drama,jazz
28,tarde,baja,0.86,0.71,0.61,series cortas,romance,afrutado,pop,ciencia ficcion,pop
26,tarde,alta,0.74,0.43,0.65,series largas,thriller,seco,electronica,ciencia ficcion,electronica
32,tarde,baja,0.71,0.53,0.85,series largas,thriller,espumoso,rock,accion,rock
30,noche,alta,0.78,0.27,0.54,peliculas,ciencia ficcion,seco,rock,terror,rock
24,noche,media,1.0,0.45,0.8,anime,ciencia ficcion,espumoso,electronica,accion,electronica
29,noche,alta,0.86,0.6,0.56,series cortas,ciencia ficcion,dulce,pop,ciencia ficcion,reggaeton
26,noche,alta,0.82,0.36,0.7,documentales,ciencia ficcion,dulce,rock,ciencia ficcion,rock
29,noche,alta,0.64,0.41,0.51,anime,thriller,seco,electronica,drama,electronica
42,tarde,media,0.62,0.6,0.5,anime,no ficcion,bajo en acidez,jazz,drama,jazz
34,manana,media,0.89,0.43,0.68,series cortas,thriller,espumoso,rock,accion,rock
18,noche,alta,0.6,0.9,0.56,series cortas,romance,dulce,pop,comedia,pop
47,noche,media,0.8,0.42,0.5,peliculas,no ficcion,seco,reggaeton,drama,rock
34,tarde,baja,0.65,0.52,0.37,anime,no ficcion,bajo en acidez,jazz,drama,jazz
43,manana,baja,0.58,0.54,0.27,documentales,no ficcion,dulce,jazz,terror,jazz
18,manana,alta,0.91,0.82,0.79,anime,fantasia,dulce,reggaeton,terror,pop
29,tarde,alta,0.71,0.42,0.94,series largas,ciencia ficcion,espumoso,electronica,accion,rock
18,noche,media,0.88,0.64,0.61,documentales,fantasia,seco,pop,accion,pop
21,noche,media,0.84,0.16,0.73,anime,thriller,dulce,rock,terror,rock
36,noche,media,1.0,0.46,0.92,anime,thriller,espumoso,rock,accion,rock
26,tarde,media,0.61,0.64,0.23,peliculas,romance,bajo en acidez,jazz,drama,jazz
18,noche,media,0.74,0.49,0.48,anime,ciencia ficcion,bajo en acidez,electronica,ciencia ficcion,electronica
33,noche,alta,0.86,0.18,0.45,peliculas,thriller,seco,rock,drama,rock
28,noche,alta,0.73,0.15,0.77,anime,thriller,dulce,rock,terror,rock
18,noche,media,0.49,0.64,0.48,series cortas,romance,bajo en acidez,reggaeton,comedia,reggaeton
34,tarde,alta,0.76,0.45,0.82,anime,thriller,espumoso,rock,terror,rock
19,manana,media,0.75,0.54,0.43,series largas,ciencia ficcion,dulce,reggaeton,drama,reggaeton
44,manana,alta,0.75,0.64,0.37,documentales,no ficcion,bajo en acidez,jazz,drama,jazz
18,manana,media,0.82,0.44,0.41,anime,ciencia ficcion,bajo en acidez,electronica,accion,electronica
24,tarde,baja,0.97,0.93,0.59,anime,fantasia,dulce,pop,comedia,pop
29,noche,alta,0.88,0.51,0.68,peliculas,thriller,espumoso,electronica,ciencia ficcion,electronica
38,manana,baja,0.84,0.54,0.87,peliculas,ciencia ficcion,espumoso,rock,ciencia ficcion,rock
31,noche,media,0.85,0.45,0.53,series largas,thriller,dulce,electronica,ciencia ficcion,electronica
26,manana,alta,0.76,0.33,0.62,documentales,ciencia ficcion,seco,rock,terror,rock
33,noche,media,0.85,0.43,0.78,anime,ciencia ficcion,espumoso,rock,ciencia ficcion,rock
43,tarde,baja,0.63,0.49,0.45,series cortas,no ficcion,bajo en acidez,jazz,drama,jazz
36,tarde,media,0.67,0.5,0.48,series largas,no ficcion,bajo en acidez,electronica,terror,reggaeton
27,tarde,alta,0.74,0.78,0.36,anime,fantasia,seco,reggaeton,comedia,pop
32,noche,alta,0.88,0.4,0.41,documentales,thriller,bajo en acidez,reggaeton,drama,reggaeton
29,noche,baja,0.49,0.7,0.5,series largas,romance,afrutado,electronica,comedia,pop
51,tarde,media,0.75,0.52,0.36,anime,no ficcion,seco,jazz,drama,jazz
26,manana,alta,0.77,0.59,0.73,series cortas,fantasia,afrutado,reggaeton,accion,reggaeton
54,manana,alta,0.72,0.47,0.47,anime,no ficcion,seco,jazz,drama,jazz
27,tarde,media,0.74,0.34,0.65,peliculas,fantasia,dulce,rock,terror,rock
24,noche,alta,0.77,0.49,0.4,peliculas,romance,bajo en acidez,reggaeton,drama,electronica
31,manana,media,0.74,0.49,0.38,series cortas,no ficcion,bajo en acidez,jazz,drama,jazz
25,noche,alta,0.69,0.49,0.64,anime,fantasia,afrutado,reggaeton,accion,electronica
28,noche,alta,0.64,0.78,0.67,peliculas,romance,afrutado,pop,comedia,pop
39,noche,alta,0.97,0.42,0.49,peliculas,ciencia ficcion,bajo en acidez,rock,ciencia ficcion,rock
33,noche,alta,0.57,0.75,0.49,series largas,romance,bajo en acidez,electronica,comedia,reggaeton
26,tarde,alta,0.74,0.52,0.79,series largas,thriller,afrutado,reggaeton,ciencia ficcion,electronica
22,tarde,media,0.8,1.0,0.44,series cortas,romance,dulce,pop,comedia,pop
25,tarde,alta,0.77,0.53,0.65,anime,fantasia,afrutado,electronica,ciencia ficcion,electronica
18,noche,alta,0.71,0.77,0.34,series cortas,romance,seco,reggaeton,comedia,pop
33,noche,media,0.95,0.59,0.56,series largas,thriller,espumoso,pop,ciencia ficcion,reggaeton
39,manana,media,0.52,0.59,0.59,documentales,no ficcion,bajo en acidez,electronica,accion,reggaeton
39,manana,media,0.72,0.45,0.78,peliculas,thriller,espumoso,rock,ciencia ficcion,rock
18,noche,media,0.75,0.77,0.58,series largas,romance,dulce,pop,comedia,pop
27,noche,media,0.75,0.7,0.48,series largas,fantasia,dulce,pop,comedia,reggaeton
44,manana,media,0.75,0.39,0.35,anime,no ficcion,seco,jazz,terror,jazz
36,noche,baja,0.81,0.91,0.48,series cortas,romance,seco,pop,comedia,pop
24,manana,alta,0.79,0.43,0.59,series largas,ciencia ficcion,afrutado,reggaeton,ciencia ficcion,electronica
37,noche,alta,0.73,0.47,0.47,documentales,ciencia ficcion,seco,electronica,drama,reggaeton
53,tarde,alta,0.63,0.43,0.38,documentales,no ficcion,seco,jazz,drama,jazz
35,tarde,alta,0.79,0.76,0.16,series largas,romance,bajo en acidez,jazz,drama,jazz
26,tarde,alta,0.5,0.48,0.59,series largas,fantasia,bajo en acidez,electronica,ciencia ficcion,electronica
31,noche,alta,0.9,0.17,0.59,series largas,thriller,seco,rock,terror,rock
36,noche,alta,0.9,0.59,0.61,documentales,ciencia ficcion,espumoso,reggaeton,terror,reggaeton
37,manana,media,0.75,0.52,0.75,anime,thriller,espumoso,rock,accion,rock
26,noche,baja,1.0,0.59,0.62,anime,fantasia,afrutado,electronica,ciencia ficcion,electronica
21,noche,baja,0.64,0.79,0.57,peliculas,romance,afrutado,pop,comedia,pop
35,manana,media,0.84,0.44,0.55,documentales,no ficcion,seco,rock,ciencia ficcion,reggaeton
36,manana,alta,0.75,0.72,0.61,series cortas,ciencia ficcion,afrutado,pop,comedia,reggaeton
29,noche,alta,0.83,0.44,0.68,peliculas,thriller,espumoso,rock,ciencia ficcion,electronica
36,noche,alta,0.7,0.44,0.72,series cortas,thriller,espumoso,rock,ciencia ficcion,rock
34,noche,alta,0.84,0.64,0.73,series cortas,fantasia,espumoso,electronica,ciencia ficcion,reggaeton
30,noche,media,0.67,0.51,0.77,documentales,ciencia ficcion,espumoso,electronica,terror,reggaeton
23,noche,media,1.0,0.4,0.66,series largas,thriller,espumoso,electronica,ciencia ficcion,electronica
24,tarde,alta,0.61,0.86,0.54,series largas,romance,dulce,pop,comedia,pop
35,manana,alta,0.84,0.82,0.17,peliculas,romance,afrutado,jazz,terror,jazz
42,tarde,alta,0.81,0.32,0.37,anime,ciencia ficcion,dulce,jazz,drama,jazz
32,noche,media,0.69,0.46,0.82,anime,thriller,afrutado,rock,accion,rock
23,tarde,media,0.57,0.59,0.39,peliculas,no ficcion,bajo en acidez,jazz,terror,jazz
32,noche,alta,0.66,0.56,0.65,documentales,ciencia ficcion,afrutado,electronica,ciencia ficcion,reggaeton
34,tarde,media,0.6,0.64,0.4,documentales,no ficcion,seco,jazz,terror,jazz
45,manana,alta,0.92,0.66,0.65,series cortas,ciencia ficcion,espumoso,rock,accion,reggaeton
40,noche,alta,0.87,0.25,0.6,series cortas,thriller,seco,rock,terror,rock
33,noche,alta,0.68,0.3,0.76,anime,thriller,dulce,rock,terror,rock
38,noche,baja,1.0,0.64,0.91,peliculas,ciencia ficcion,espumoso,rock,accion,rock
20,manana,media,0.63,0.77,0.52,anime,fantasia,afrutado,pop,comedia,pop
40,noche,media,0.87,0.62,0.8,peliculas,thriller,espumoso,rock,accion,rock
38,manana,media,0.6,0.36,0.45,documentales,no ficcion,dulce,jazz,drama,jazz
20,noche,alta,0.64,0.48,0.35,documentales,no ficcion,bajo en acidez,jazz,drama,jazz
18,tarde,media,0.66,0.73,0.5,anime,romance,dulce,pop,comedia,pop
29,tarde,media,0.81,0.9,0.46,documentales,romance,afrutado,pop,comedia,pop
37,noche,baja,0.96,0.39,0.7,anime,thriller,espumoso,rock,ciencia ficcion,rock
35,noche,alta,0.71,0.9,0.66,peliculas,romance,afrutado,pop,comedia,pop
26,noche,alta,0.67,0.53,0.61,documentales,thriller,afrutado,pop,accion,electronica
53,manana,baja,0.77,0.53,0.39,series largas,no ficcion,dulce,jazz,drama,jazz
27,tarde,media,0.86,0.69,0.32,series largas,no ficcion,afrutado,reggaeton,accion,reggaeton
18,noche,media,0.89,0.66,0.54,anime,fantasia,dulce,pop,ciencia ficcion,pop
22,noche,media,0.79,0.62,0.34,documentales,romance,bajo en acidez,reggaeton,drama,reggaeton
27,tarde,media,0.95,0.79,0.56,series largas,ciencia ficcion,afrutado,pop,comedia,pop
30,tarde,alta,1.0,0.54,0.51,documentales,fantasia,dulce,electronica,ciencia ficcion,reggaeton
30,tarde,media,0.7,0.6,0.21,series largas,romance,bajo en acidez,jazz,drama,jazz
24,noche,alta,0.72,0.76,0.55,documentales,romance,dulce,pop,comedia,pop
21,noche,media,0.8,0.49,0.5,documentales,no ficcion,afrutado,electronica,terror,electronica
32,noche,alta,0.85,0.4,0.59,series largas,thriller,seco,rock,terror,rock
37,noche,alta,0.68,0.65,0.78,documentales,thriller,espumoso,rock,accion,reggaeton
30,noche,media,0.86,0.81,0.5,series largas,fantasia,dulce,pop,comedia,pop
33,tarde,baja,1.0,0.59,0.72,anime,thriller,espumoso,electronica,ciencia ficcion,rock
30,tarde,media,0.72,0.81,0.53,peliculas,romance,afrutado,pop,comedia,pop
43,noche,baja,0.59,0.5,0.41,peliculas,no ficcion,seco,jazz,drama,jazz
19,noche,media,0.62,0.33,0.67,series largas,thriller,dulce,electronica,terror,electronica
39,tarde,baja,1.0,0.65,0.68,anime,ciencia ficcion,espumoso,rock,ciencia ficcion,rock
27,noche,media,0.57,0.72,0.53,peliculas,romance,dulce,reggaeton,comedia,pop
31,noche,alta,0.7,0.6,0.37,series largas,fantasia,bajo en acidez,jazz,drama,jazz
18,tarde,media,0.72,0.89,0.54,series cortas,romance,dulce,pop,comedia,pop
31,noche,baja,0.86,0.3,0.69,series largas,thriller,dulce,rock,ciencia ficcion,rock
46,manana,alta,0.62,0.53,0.12,anime,no ficcion,seco,jazz,drama,jazz
26,tarde,alta,0.71,0.65,0.65,anime,fantasia,afrutado,pop,terror,electronica
43,tarde,baja,0.8,0.62,0.55,documentales,no ficcion,afrutado,reggaeton,ciencia ficcion,rock
51,tarde,media,0.7,0.7,0.79,anime,ciencia ficcion,espumoso,rock,terror,rock
30,noche,media,0.84,0.41,0.46,series cortas,ciencia ficcion,seco,electronica,drama,reggaeton
20,noche,alta,1.0,0.73,0.42,peliculas,fantasia,afrutado,pop,ciencia ficcion,pop
27,tarde,alta,0.97,0.26,0.77,documentales,thriller,espumoso,rock,terror,rock
33,noche,media,0.69,0.34,0.7,peliculas,thriller,dulce,rock,terror,rock
29,noche,alta,0.62,0.74,0.37,series largas,romance,afrutado,reggaeton,comedia,jazz
64,tarde,media,0.4,0.58,0.06,series largas,no ficcion,seco,jazz,drama,jazz
43,noche,alta,0.75,0.55,0.55,anime,fantasia,bajo en acidez,reggaeton,drama,rock
18,tarde,alta,0.81,0.62,0.78,series largas,fantasia,afrutado,electronica,accion,pop
41,noche,media,0.34,0.54,0.21,documentales,no ficcion,seco,jazz,drama,jazz
31,noche,alta,0.82,0.47,0.85,anime,thriller,espumoso,electronica,accion,rock
33,tarde,media,0.57,0.82,0.22,peliculas,romance,bajo en acidez,jazz,comedia,jazz
32,tarde,alta,0.81,0.56,0.73,peliculas,fantasia,espumoso,reggaeton,ciencia ficcion,electronica
41,tarde,alta,0.69,0.58,0.48,peliculas,ciencia ficcion,bajo en acidez,jazz,drama,jazz
34,noche,baja,0.87,0.74,0.64,peliculas,fantasia,espumoso,pop,ciencia ficcion,pop
26,noche,baja,0.83,0.52,0.72,series largas,thriller,espumoso,electronica,ciencia ficcion,electronica
24,tarde,alta,0.77,0.41,0.86,anime,thriller,espumoso,reggaeton,terror,rock
18,noche,baja,0.71,0.89,0.58,peliculas,romance,afrutado,pop,comedia,pop
20,noche,alta,0.39,0.82,0.38,peliculas,romance,bajo en acidez,jazz,comedia,jazz
27,tarde,media,0.77,0.66,0.53,series largas,fantasia,seco,electronica,ciencia ficcion,reggaeton
36,noche,media,0.68,0.58,0.37,peliculas,no ficcion,seco,jazz,drama,jazz
42,manana,baja,0.96,0.39,0.47,peliculas,thriller,seco,reggaeton,terror,rock
28,noche,alta,0.52,0.32,0.89,series largas,thriller,espumoso,rock,terror,rock
27,noche,media,0.92,0.39,0.66,series largas,fantasia,espumoso,electronica,terror,electronica
18,manana,media,0.67,0.69,0.51,series largas,fantasia,afrutado,pop,comedia,pop
39,tarde,alta,0.88,0.42,0.66,anime,thriller,espumoso,rock,accion,rock
24,noche,media,0.67,0.86,0.52,series largas,romance,afrutado,pop,comedia,pop
23,tarde,alta,0.57,0.54,0.51,anime,fantasia,bajo en acidez,electronica,terror,electronica
26,noche,media,0.61,0.56,0.78,anime,fantasia,espumoso,reggaeton,accion,electronica
21,noche,alta,0.72,0.61,0.48,series cortas,fantasia,seco,electronica,terror,reggaeton
24,tarde,baja,0.77,0.64,0.61,series largas,fantasia,dulce,pop,accion,pop
43,tarde,media,0.58,0.77,0.51,documentales,no ficcion,afrutado,jazz,comedia,jazz
32,manana,media,0.92,0.74,0.7,series cortas,ciencia ficcion,afrutado,reggaeton,accion,reggaeton
35,manana,alta,0.77,0.52,0.28,documentales,no ficcion,seco,jazz,drama,jazz
33,noche,alta,0.75,0.4,0.44,series largas,thriller,seco,electronica,drama,electronica
46,tarde,media,0.63,0.47,0.32,documentales,no ficcion,seco,jazz,drama,jazz
37,manana,media,0.61,0.51,0.69,anime,thriller,dulce,rock,accion,reggaeton
34,manana,media,0.43,0.75,0.55,documentales,no ficcion,bajo en acidez,reggaeton,comedia,reggaeton
34,manana,alta,0.68,0.46,0.73,anime,thriller,espumoso,rock,accion,rock
34,tarde,alta,0.9,0.53,0.71,series cortas,thriller,espumoso,rock,accion,rock
33,noche,alta,0.96,0.52,0.72,series largas,ciencia ficcion,espumoso,rock,accion,electronica
36,noche,alta,0.51,0.08,0.83,documentales,thriller,seco,rock,terror,rock
30,manana,baja,0.83,0.45,0.45,peliculas,no ficcion,bajo en acidez,electronica,drama,electronica
36,tarde,baja,0.58,0.65,0.64,peliculas,no ficcion,afrutado,pop,comedia,pop
39,noche,media,0.92,0.27,0.5,series largas,ciencia ficcion,seco,rock,terror,rock
22,manana,media,0.71,0.52,0.26,peliculas,no ficcion,afrutado,jazz,drama,jazz
36,manana,alta,0.82,0.53,0.61,series largas,ciencia ficcion,espumoso,rock,accion,reggaeton
33,noche,media,0.77,0.61,0.46,documentales,romance,afrutado,electronica,ciencia ficcion,reggaeton
35,manana,baja,0.79,0.65,0.63,anime,fantasia,espumoso,electronica,accion,reggaeton
49,tarde,media,0.72,0.35,0.38,series largas,no ficcion,seco,jazz,drama,jazz
25,tarde,media,0.69,0.75,0.43,series largas,romance,dulce,electronica,comedia,pop
35,manana,alta,0.85,0.25,0.66,peliculas,thriller,seco,rock,accion,rock
53,noche,media,0.64,0.29,0.64,anime,no ficcion,seco,rock,drama,rock
30,noche,alta,0.92,0.8,0.63,peliculas,ciencia ficcion,afrutado,pop,comedia,pop
30,noche,baja,0.41,0.53,0.46,series largas,no ficcion,bajo en acidez,jazz,accion,jazz
32,noche,media,0.73,1.0,0.35,series largas,romance,dulce,reggaeton,comedia,pop
28,tarde,media,0.62,0.73,0.57,documentales,romance,afrutado,pop,comedia,pop
26,noche,media,0.73,0.43,0.66,peliculas,thriller,dulce,electronica,ciencia ficcion,electronica
33,noche,baja,0.5,0.43,0.19,series cortas,no ficcion,seco,jazz,drama,jazz
21,tarde,alta,0.59,0.73,0.41,peliculas,romance,seco,reggaeton,comedia,pop
31,noche,baja,0.91,0.39,0.68,anime,ciencia ficcion,espumoso,rock,ciencia ficcion,rock
37,manana,media,0.54,0.5,0.27,peliculas,no ficcion,bajo en acidez,jazz,drama,jazz
29,tarde,baja,0.81,0.57,0.32,documentales,no ficcion,bajo en acidez,jazz,drama,jazz
21,noche,alta,0.92,0.81,0.62,peliculas,fantasia,dulce,pop,comedia,pop
51,manana,media,0.57,0.72,0.19,documentales,no ficcion,bajo en acidez,jazz,drama,jazz
25,noche,alta,0.82,0.28,0.51,anime,thriller,seco,rock,terror,rock
47,tarde,baja,0.86,0.42,0.35,series cortas,no ficcion,seco,jazz,drama,jazz
32,manana,media,0.77,0.56,0.38,documentales,no ficcion,bajo en acidez,jazz,drama,jazz
24,tarde,alta,0.68,0.55,0.74,peliculas,ciencia ficcion,dulce,electronica,ciencia ficcion,electronica
45,manana,media,0.55,0.41,0.62,series cortas,no ficcion,seco,reggaeton,terror,rock
26,noche,media,0.57,0.55,0.4,documentales,no ficcion,bajo en acidez,jazz,drama,jazz
33,noche,media,0.81,0.69,0.71,peliculas,ciencia ficcion,espumoso,reggaeton,ciencia ficcion,reggaeton
51,manana,alta,0.66,0.41,0.58,documentales,no ficcion,seco,electronica,drama,rock
44,noche,alta,0.58,0.54,0.63,series largas,thriller,seco,reggaeton,accion,rock
21,manana,media,0.57,0.65,0.34,documentales,no ficcion,bajo en acidez,jazz,comedia,jazz
21,noche,media,0.78,0.6,0.87,series largas,thriller,dulce,reggaeton,accion,electronica
43,manana,baja,0.77,0.47,0.49,series largas,no ficcion,seco,reggaeton,drama,rock
22,manana,alta,0.72,0.48,0.31,series largas,no ficcion,bajo en acidez,jazz,accion,jazz
25,tarde,media,0.89,0.78,0.51,anime,fantasia,afrutado,pop,comedia,pop
33,tarde,media,0.91,0.35,0.8,series largas,thriller,espumoso,electronica,terror,rock
23,tarde,alta,0.64,0.72,0.37,series largas,romance,afrutado,electronica,comedia,pop
19,tarde,alta,0.59,0.42,0.56,anime,fantasia,bajo en acidez,reggaeton,terror,electronica
36,noche,alta,0.75,0.27,0.71,series largas,thriller,seco,rock,ciencia ficcion,rock
26,manana,media,0.82,0.34,0.42,peliculas,ciencia ficcion,bajo en acidez,reggaeton,drama,reggaeton
29,tarde,alta,0.82,0.52,0.71,documentales,ciencia ficcion,espumoso,electronica,accion,reggaeton
24,noche,alta,0.64,0.71,0.49,anime,fantasia,seco,pop,comedia,pop
18,noche,alta,0.82,0.84,0.8,series cortas,ciencia ficcion,dulce,reggaeton,comedia,pop
18,tarde,media,0.92,0.48,0.42,peliculas,fantasia,bajo en acidez,reggaeton,drama,electronica
35,tarde,alta,0.82,0.85,0.55,peliculas,fantasia,afrutado,pop,comedia,pop
30,noche,alta,0.93,0.45,0.84,series largas,thriller,espumoso,electronica,ciencia ficcion,rock
30,manana,alta,0.76,0.31,0.64,anime,thriller,seco,rock,terror,rock
25,noche,media,0.87,0.54,0.62,series largas,thriller,seco,electronica,ciencia ficcion,electronica
34,noche,media,0.58,0.51,0.74,anime,ciencia ficcion,dulce,rock,ciencia ficcion,rock
42,manana,baja,0.51,0.35,0.37,documentales,no ficcion,seco,jazz,drama,jazz
18,tarde,alta,0.76,0.71,0.44,documentales,romance,dulce,pop,comedia,pop
23,tarde,alta,0.77,0.54,0.57,anime,fantasia,afrutado,electronica,ciencia ficcion,electronica
44,manana,alta,0.59,0.5,0.35,documentales,no ficcion,dulce,jazz,drama,jazz
20,noche,media,0.84,0.63,0.74,series largas,fantasia,afrutado,pop,accion,pop
31,tarde,baja,0.99,0.38,0.64,documentales,thriller,espumoso,rock,ciencia ficcion,rock
41,manana,media,0.71,0.45,0.45,peliculas,no ficcion,bajo en acidez,jazz,drama,jazz
31,noche,alta,0.83,0.43,0.67,series cortas,thriller,espumoso,rock,ciencia ficcion,rock
18,tarde,baja,0.59,0.58,0.68,anime,ciencia ficcion,seco,pop,accion,pop
24,noche,alta,0.91,0.58,0.64,peliculas,fantasia,afrutado,electronica,ciencia ficcion,electronica
25,tarde,media,0.52,0.78,0.59,peliculas,romance,afrutado,pop,comedia,pop
30,manana,media,0.55,0.38,0.45,peliculas,romance,seco,jazz,drama,jazz
30,tarde,alta,1.0,0.56,0.51,anime,fantasia,dulce,reggaeton,terror,electronica
23,manana,media,0.84,0.53,0.56,peliculas,ciencia ficcion,seco,pop,ciencia ficcion,reggaeton
18,noche,alta,0.96,0.57,0.49,series largas,fantasia,afrutado,pop,ciencia ficcion,electronica
19,tarde,baja,0.68,0.62,0.67,series cortas,fantasia,afrutado,reggaeton,terror,pop
35,manana,media,0.8,0.51,0.27,anime,no ficcion,seco,jazz,drama,jazz
34,tarde,media,0.71,0.64,0.42,anime,romance,dulce,reggaeton,accion,jazz
25,tarde,media,0.85,0.55,0.59,series cortas,fantasia,afrutado,pop,terror,reggaeton
25,tarde,media,0.68,0.7,0.45,series largas,romance,dulce,reggaeton,comedia,pop
34,noche,alta,0.67,0.54,0.7,series largas,ciencia ficcion,espumoso,rock,ciencia ficcion,electronica
31,noche,baja,0.81,0.45,0.67,peliculas,thriller,espumoso,rock,ciencia ficcion,rock
21,tarde,alta,0.95,0.66,0.67,series largas,fantasia,afrutado,pop,accion,pop
18,noche,alta,0.97,0.67,0.59,series cortas,fantasia,seco,pop,accion,pop
46,manana,alta,0.58,0.42,0.32,documentales,no ficcion,seco,jazz,drama,jazz
21,noche,alta,0.92,0.48,0.53,peliculas,ciencia ficcion,dulce,electronica,ciencia ficcion,electronica
44,tarde,media,0.82,0.45,0.38,documentales,no ficcion,seco,jazz,drama,jazz
29,manana,alta,0.8,0.67,0.64,series largas,ciencia ficcion,afrutado,pop,accion,reggaeton
31,tarde,media,0.66,0.37,0.67,series largas,thriller,seco,rock,terror,rock
28,noche,alta,0.89,0.45,0.69,peliculas,thriller,espumoso,electronica,ciencia ficcion,electronica
21,manana,alta,0.89,0.75,0.71,series largas,fantasia,afrutado,reggaeton,accion,pop
50,manana,media,0.74,0.54,0.34,anime,no ficcion,dulce,jazz,drama,jazz
24,tarde,alta,0.76,0.53,0.42,peliculas,fantasia,bajo en acidez,reggaeton,drama,electronica
23,noche,alta,0.82,0.62,0.63,series largas,fantasia,afrutado,pop,accion,electronica
34,manana,baja,0.77,0.8,0.42,peliculas,romance,dulce,electronica,comedia,pop
37,manana,baja,0.84,0.42,0.8,series largas,ciencia ficcion,espumoso,rock,accion,rock
36,manana,media,0.6,0.66,0.19,documentales,romance,seco,jazz,drama,jazz
33,noche,alta,0.73,0.31,0.92,series largas,thriller,espumoso,rock,terror,rock
40,noche,alta,0.93,0.33,0.57,peliculas,thriller,seco,rock,accion,rock
34,manana,media,0.51,0.52,0.26,documentales,no ficcion,bajo en acidez,jazz,drama,jazz
18,noche,media,0.61,0.75,0.44,peliculas,fantasia,dulce,pop,comedia,pop
33,tarde,baja,0.69,0.38,0.68,series cortas,thriller,afrutado,rock,terror,rock
36,noche,media,0.77,0.43,0.47,documentales,no ficcion,bajo en acidez,electronica,accion,rock
29,noche,alta,0.81,0.23,0.74,peliculas,thriller,dulce,rock,terror,rock
22,noche,alta,0.92,0.79,0.8,series largas,fantasia,dulce,pop,accion,pop
43,manana,alta,0.55,0.74,0.4,anime,romance,seco,jazz,comedia,jazz
27,noche,baja,0.68,0.84,0.36,peliculas,romance,dulce,reggaeton,comedia,pop
36,noche,alta,0.73,0.57,0.7,series cortas,ciencia ficcion,espumoso,rock,accion,reggaeton
33,noche,alta,0.79,0.59,0.76,series largas,thriller,espumoso,electronica,accion,electronica
38,noche,media,0.84,0.4,0.58,series largas,thriller,bajo en acidez,rock,ciencia ficcion,rock
37,manana,media,0.54,0.79,0.41,series largas,romance,bajo en acidez,jazz,comedia,jazz
43,noche,alta,0.74,0.45,0.45,peliculas,ciencia ficcion,bajo en acidez,electronica,drama,jazz
36,tarde,media,0.77,0.67,0.52,documentales,romance,dulce,reggaeton,accion,reggaeton
38,manana,alta,0.78,0.49,0.72,documentales,ciencia ficcion,espumoso,rock,ciencia ficcion,rock
39,tarde,media,0.77,0.46,0.3,series largas,no ficcion,seco,jazz,drama,jazz
19,manana,media,0.91,0.76,0.62,series cortas,fantasia,seco,pop,comedia,pop
45,tarde,alta,0.65,0.62,0.46,documentales,no ficcion,bajo en acidez,jazz,drama,jazz
38,noche,alta,0.9,0.48,0.41,series largas,no ficcion,bajo en acidez,electronica,accion,reggaeton
65,manana,baja,0.56,0.47,0.39,series largas,no ficcion,seco,jazz,drama,jazz
26,noche,alta,0.8,0.31,0.88,series largas,thriller,espumoso,electronica,accion,rock
27,tarde,media,0.81,0.79,0.39,anime,fantasia,afrutado,pop,comedia,pop
37,manana,media,0.84,0.59,0.6,anime,ciencia ficcion,espumoso,reggaeton,ciencia ficcion,reggaeton
22,manana,media,0.95,0.83,0.8,series cortas,fantasia,dulce,reggaeton,accion,pop
21,tarde,alta,0.88,0.62,0.48,anime,fantasia,afrutado,pop,accion,electronica
21,tarde,media,0.93,0.7,0.61,anime,fantasia,afrutado,electronica,terror,pop
24,manana,media,0.87,0.68,0.24,documentales,no ficcion,bajo en acidez,jazz,drama,jazz
31,tarde,baja,0.77,0.64,0.53,anime,romance,afrutado,reggaeton,accion,pop
25,manana,alta,0.72,0.44,0.59,anime,fantasia,seco,electronica,ciencia ficcion,electronica
24,manana,alta,0.62,0.52,0.38,documentales,no ficcion,bajo en acidez,jazz,drama,jazz
36,tarde,alta,0.72,0.65,0.89,peliculas,fantasia,espumoso,rock,accion,reggaeton
27,tarde,media,0.74,0.49,0.51,anime,no ficcion,bajo en acidez,reggaeton,ciencia ficcion,reggaeton
47,tarde,media,0.59,0.67,0.48,documentales,no ficcion,bajo en acidez,jazz,drama,jazz
19,tarde,alta,0.86,0.67,0.52,anime,fantasia,afrutado,pop,accion,pop
41,manana,media,0.6,0.73,0.33,peliculas,no ficcion,bajo en acidez,jazz,accion,jazz
23,tarde,alta,0.83,0.84,0.5,anime,fantasia,afrutado,pop,comedia,pop
18,noche,alta,0.78,0.9,0.62,series largas,romance,dulce,pop,comedia,pop
42,tarde,baja,0.66,0.37,0.25,series largas,no ficcion,seco,jazz,drama,jazz
25,noche,alta,0.62,0.37,0.85,series largas,ciencia ficcion,espumoso,electronica,terror,electronica
25,manana,media,0.74,0.71,0.43,series largas,romance,dulce,pop,comedia,reggaeton
45,manana,alta,0.82,0.5,0.36,series cortas,no ficcion,bajo en acidez,jazz,drama,jazz
18,noche,alta,0.79,0.67,0.64,peliculas,ciencia ficcion,afrutado,pop,accion,pop
21,manana,baja,1.0,0.57,0.66,series largas,ciencia ficcion,afrutado,reggaeton,ciencia ficcion,pop
28,tarde,media,0.53,0.4,0.72,series largas,thriller,dulce,rock,terror,electronica
25,manana,media,0.69,0.8,0.54,anime,fantasia,afrutado,pop,comedia,pop
30,noche,alta,0.53,0.88,0.35,peliculas,romance,bajo en acidez,jazz,comedia,jazz
46,noche,media,0.62,0.55,0.4,anime,no ficcion,seco,jazz,drama,jazz
27,manana,alta,0.69,0.65,0.6,anime,fantasia,seco,pop,accion,reggaeton
26,noche,media,0.82,0.48,0.53,series largas,fantasia,dulce,reggaeton,terror,electronica
18,noche,baja,0.62,0.63,0.39,peliculas,romance,afrutado,reggaeton,terror,pop
24,tarde,baja,0.56,0.67,0.61,series largas,no ficcion,afrutado,pop,comedia,pop
39,tarde,media,0.66,0.47,0.46,documentales,no ficcion,bajo en acidez,jazz,drama,jazz
24,tarde,media,0.83,0.71,0.25,series largas,romance,afrutado,jazz,accion,jazz
18,tarde,media,0.96,0.71,0.84,documentales,fantasia,dulce,electronica,accion,pop
28,manana,alta,0.8,0.59,0.74,documentales,fantasia,espumoso,electronica,accion,reggaeton
24,noche,alta,0.76,0.56,0.45,series largas,romance,bajo en acidez,reggaeton,accion,electronica
36,manana,media,0.89,0.75,0.47,anime,fantasia,dulce,electronica,terror,reggaeton
33,tarde,media,0.89,0.56,0.76,peliculas,ciencia ficcion,espumoso,reggaeton,ciencia ficcion,rock
55,tarde,media,0.76,0.73,0.53,peliculas,no ficcion,bajo en acidez,jazz,drama,jazz
19,noche,media,0.78,0.7,0.59,anime,fantasia,afrutado,pop,comedia,pop
20,tarde,media,0.71,0.64,0.59,series largas,romance,dulce,pop,comedia,pop
26,noche,alta,0.86,0.81,0.27,series largas,romance,dulce,reggaeton,comedia,pop
22,noche,media,0.78,0.81,0.65,anime,fantasia,dulce,pop,comedia,pop
18,noche,media,0.64,0.61,0.72,anime,fantasia,dulce,pop,terror,electronica
21,noche,media,0.9,0.32,0.49,series largas,fantasia,bajo en acidez,electronica,terror,electronica
29,noche,baja,0.74,0.87,0.4,peliculas,romance,afrutado,pop,comedia,pop
24,noche,baja,0.66,0.93,0.24,series cortas,romance,dulce,jazz,comedia,jazz
27,noche,media,0.74,0.77,0.2,series largas,romance,bajo en acidez,jazz,terror,jazz
24,manana,media,0.74,0.73,0.4,anime,romance,dulce,pop,comedia,reggaeton
55,noche,baja,1.0,0.38,0.2,series largas,no ficcion,seco,jazz,drama,jazz
49,tarde,baja,0.74,0.31,0.23,documentales,no ficcion,seco,jazz,drama,jazz
28,manana,alta,0.66,0.59,0.53,anime,ciencia ficcion,bajo en acidez,reggaeton,accion,reggaeton
24,manana,alta,0.79,0.72,0.24,peliculas,romance,bajo en acidez,jazz,terror,jazz
18,manana,alta,0.68,0.54,0.85,peliculas,ciencia ficcion,seco,electronica,accion,electronica
31,noche,alta,0.78,0.72,0.52,peliculas,fantasia,afrutado,pop,accion,pop
41,tarde,baja,0.61,0.51,0.36,anime,no ficcion,bajo en acidez,jazz,drama,jazz
42,noche,media,0.87,0.45,0.28,peliculas,no ficcion,bajo en acidez,jazz,drama,jazz
43,manana,alta,0.61,0.68,0.39,documentales,no ficcion,bajo en acidez,jazz,drama,jazz
18,noche,baja,0.84,0.57,0.59,anime,fantasia,afrutado,pop,ciencia ficcion,pop
38,manana,media,0.68,0.52,0.39,documentales,no ficcion,bajo en acidez,jazz,drama,jazz
31,manana,baja,0.62,0.44,0.47,series largas,no ficcion,bajo en acidez,electronica,accion,jazz
19,manana,media,0.66,0.7,0.67,series cortas,fantasia,dulce,pop,comedia,reggaeton
50,tarde,media,0.73,0.71,0.54,anime,no ficcion,bajo en acidez,jazz,accion,reggaeton
24,noche,alta,0.89,0.41,0.38,series largas,ciencia ficcion,bajo en acidez,reggaeton,drama,electronica
58,manana,media,0.85,0.25,0.35,series largas,no ficcion,seco,jazz,drama,jazz
31,noche,baja,0.69,0.45,0.68,series largas,ciencia ficcion,seco,rock,terror,rock
22,tarde,baja,0.85,0.7,0.7,documentales,fantasia,dulce,pop,ciencia ficcion,pop
34,manana,alta,0.61,0.24,0.57,documentales,thriller,dulce,rock,terror,rock
27,manana,media,0.89,0.65,0.58,series largas,romance,dulce,pop,accion,reggaeton
18,noche,alta,0.87,0.52,0.58,series largas,fantasia,dulce,pop,accion,electronica
24,manana,alta,0.92,0.43,0.91,series cortas,thriller,espumoso,reggaeton,terror,rock
29,noche,media,0.97,0.52,0.69,documentales,ciencia ficcion,espumoso,reggaeton,accion,reggaeton
38,manana,alta,0.89,0.35,0.71,peliculas,thriller,espumoso,rock,terror,rock
20,noche,baja,0.82,0.37,0.57,documentales,ciencia ficcion,seco,electronica,terror,electronica
28,tarde,alta,0.76,0.45,0.82,series largas,thriller,espumoso,electronica,terror,electronica
21,manana,alta,0.71,0.78,0.71,series largas,fantasia,seco,pop,comedia,pop
23,manana,media,0.57,0.71,0.1,anime,no ficcion,bajo en acidez,jazz,accion,jazz
40,noche,baja,0.65,0.58,0.19,documentales,no ficcion,bajo en acidez,jazz,drama,jazz
43,tarde,baja,0.33,0.38,0.28,documentales,no ficcion,seco,jazz,drama,jazz
43,manana,baja,0.66,0.51,0.31,series largas,no ficcion,bajo en acidez,jazz,accion,jazz
23,noche,media,0.7,0.8,0.52,documentales,fantasia,afrutado,pop,comedia,pop
23,noche,alta,1.0,0.4,0.86,series cortas,thriller,espumoso,electronica,terror,rock
36,noche,alta,0.85,0.58,0.61,peliculas,ciencia ficcion,dulce,reggaeton,ciencia ficcion,reggaeton
33,noche,media,0.78,0.91,0.25,series largas,romance,bajo en acidez,jazz,comedia,jazz
20,noche,media,0.79,0.62,0.71,anime,fantasia,afrutado,pop,ciencia ficcion,electronica
30,tarde,alta,1.0,0.84,0.69,documentales,ciencia ficcion,afrutado,pop,comedia,pop
23,tarde,media,0.59,0.75,0.41,series largas,fantasia,afrutado,reggaeton,comedia,pop
18,manana,alta,0.87,0.54,0.84,anime,ciencia ficcion,afrutado,electronica,terror,electronica
31,tarde,media,0.68,0.58,0.94,anime,ciencia ficcion,espumoso,electronica,accion,rock
41,tarde,baja,0.77,0.36,0.47,documentales,no ficcion,seco,electronica,drama,rock
25,manana,media,0.89,0.82,0.46,peliculas,romance,dulce,pop,comedia,pop
18,manana,alta,0.77,1.0,0.59,anime,romance,dulce,pop,comedia,pop
27,manana,media,0.74,0.61,0.47,peliculas,fantasia,bajo en acidez,electronica,accion,reggaeton
18,noche,media,0.63,0.84,0.51,documentales,romance,dulce,pop,comedia,pop
24,noche,media,0.7,0.6,0.56,peliculas,fantasia,afrutado,electronica,ciencia ficcion,electronica
44,noche,alta,0.64,0.39,0.36,peliculas,no ficcion,seco,jazz,drama,jazz
18,noche,media,0.54,0.82,0.44,series cortas,romance,afrutado,electronica,comedia,pop
20,manana,media,1.0,0.43,0.78,series largas,thriller,espumoso,reggaeton,accion,electronica
24,tarde,media,0.81,0.72,0.69,anime,fantasia,seco,pop,terror,pop
18,tarde,media,0.86,0.88,0.96,documentales,fantasia,dulce,reggaeton,accion,pop
37,noche,alta,0.68,0.68,0.2,documentales,no ficcion,bajo en acidez,jazz,drama,jazz
18,tarde,media,0.65,0.43,0.76,anime,fantasia,espumoso,electronica,terror,electronica
31,manana,media,0.69,0.57,0.84,documentales,fantasia,espumoso,electronica,accion,reggaeton
32,tarde,alta,0.87,0.56,0.46,peliculas,ciencia ficcion,bajo en acidez,reggaeton,drama,reggaeton
32,noche,alta,0.71,0.4,0.42,documentales,fantasia,bajo en acidez,reggaeton,drama,jazz
23,noche,alta,0.91,0.6,0.72,series largas,fantasia,dulce,electronica,ciencia ficcion,electronica
34,noche,alta,0.78,0.4,0.87,series cortas,thriller,espumoso,rock,terror,rock
18,manana,alta,0.62,0.53,0.43,series largas,no ficcion,bajo en acidez,electronica,terror,electronica
28,tarde,media,1.0,0.57,0.69,documentales,fantasia,espumoso,electronica,accion,reggaeton
40,manana,media,0.83,0.58,0.74,anime,ciencia ficcion,espumoso,rock,ciencia ficcion,rock
26,noche,alta,0.91,0.67,0.64,series largas,ciencia ficcion,dulce,pop,terror,electronica
18,noche,media,0.86,0.5,0.5,documentales,ciencia ficcion,afrutado,electronica,ciencia ficcion,electronica
33,noche,alta,0.68,0.55,0.7,series cortas,thriller,espumoso,reggaeton,ciencia ficcion,reggaeton
28,noche,media,0.85,0.34,0.5,anime,thriller,seco,rock,ciencia ficcion,rock
27,manana,media,0.78,0.67,0.68,documentales,fantasia,dulce,pop,ciencia ficcion,reggaeton
24,manana,media,0.77,0.4,0.38,anime,no ficcion,bajo en acidez,electronica,drama,reggaeton
28,tarde,media,0.71,0.71,0.44,series largas,romance,dulce,reggaeton,comedia,pop
23,manana,media,0.65,0.54,0.71,documentales,thriller,dulce,electronica,accion,reggaeton
34,noche,alta,0.6,0.36,0.79,series largas,thriller,afrutado,rock,terror,rock
54,manana,alta,0.83,0.63,0.51,documentales,no ficcion,bajo en acidez,jazz,drama,jazz
31,noche,media,0.75,0.76,0.48,series largas,romance,dulce,pop,comedia,pop
31,manana,alta,0.97,0.45,0.98,series cortas,ciencia ficcion,espumoso,reggaeton,accion,rock
26,tarde,media,0.69,0.75,0.58,documentales,fantasia,afrutado,pop,comedia,pop
22,tarde,alta,0.69,0.83,0.25,peliculas,romance,afrutado,jazz,comedia,jazz
27,noche,media,0.53,0.46,0.3,series largas,romance,bajo en acidez,jazz,drama,jazz
30,noche,baja,0.93,0.54,0.54,series largas,ciencia ficcion,espumoso,electronica,ciencia ficcion,electronica
29,tarde,media,0.54,0.6,0.51,documentales,fantasia,bajo en acidez,electronica,accion,reggaeton
32,tarde,media,0.78,0.81,0.65,peliculas,romance,seco,pop,comedia,pop
19,noche,alta,0.76,0.47,0.56,documentales,ciencia ficcion,afrutado,electronica,terror,electronica
34,noche,media,0.88,0.47,0.51,series largas,ciencia ficcion,seco,reggaeton,ciencia ficcion,reggaeton
43,noche,alta,0.68,0.17,0.58,peliculas,thriller,seco,rock,terror,rock
32,tarde,alta,0.82,0.39,0.71,series cortas,thriller,espumoso,rock,ciencia ficcion,rock
30,noche,baja,0.95,0.58,0.51,series largas,ciencia ficcion,seco,pop,accion,electronica
27,tarde,baja,1.0,0.59,0.61,peliculas,fantasia,espumoso,pop,accion,pop
28,noche,media,0.88,0.27,0.8,series cortas,thriller,espumoso,rock,terror,rock
32,manana,alta,0.5,0.5,0.37,documentales,no ficcion,bajo en acidez,jazz,drama,jazz
26,manana,alta,0.99,0.42,0.49,anime,ciencia ficcion,dulce,reggaeton,ciencia ficcion,electronica
36,manana,media,0.53,0.64,0.35,series largas,no ficcion,bajo en acidez,jazz,terror,jazz
62,manana,alta,0.72,0.46,0.23,series cortas,no ficcion,seco,jazz,drama,jazz
36,manana,media,0.78,0.44,0.6,series largas,thriller,afrutado,rock,ciencia ficcion,rock
56,tarde,media,0.76,0.47,0.54,documentales,no ficcion,seco,reggaeton,drama,rock
34,noche,media,0.75,0.39,0.74,series cortas,thriller,espumoso,rock,terror,rock
32,noche,baja,0.9,0.39,0.7,documentales,thriller,espumoso,rock,ciencia ficcion,rock
36,noche,media,0.8,0.57,0.74,documentales,thriller,espumoso,rock,accion,reggaeton
18,noche,alta,0.66,0.67,0.72,series cortas,ciencia ficcion,afrutado,pop,comedia,pop
21,tarde,media,0.79,0.82,0.44,peliculas,romance,afrutado,pop,comedia,pop
24,manana,alta,0.65,0.51,0.65,series largas,thriller,afrutado,reggaeton,terror,electronica
18,noche,alta,1.0,0.65,0.78,series cortas,fantasia,dulce,electronica,accion,electronica
30,noche,media,0.6,0.99,0.58,series cortas,romance,afrutado,pop,comedia,pop
18,noche,media,1.0,0.65,0.64,peliculas,fantasia,afrutado,reggaeton,accion,pop
23,noche,alta,0.57,0.35,0.76,series largas,thriller,seco,rock,terror,electronica
33,manana,alta,0.56,0.38,0.28,documentales,no ficcion,dulce,jazz,drama,jazz
18,tarde,alta,0.73,0.78,0.41,documentales,romance,afrutado,pop,comedia,pop
20,tarde,alta,0.96,0.89,0.81,series largas,fantasia,dulce,reggaeton,accion,pop
26,tarde,media,0.63,0.52,0.66,documentales,fantasia,dulce,electronica,ciencia ficcion,reggaeton
18,noche,alta,0.83,0.69,0.59,anime,fantasia,dulce,electronica,ciencia ficcion,pop
26,noche,alta,0.7,0.72,0.61,series cortas,romance,afrutado,pop,comedia,reggaeton
18,noche,alta,0.64,0.7,0.69,peliculas,fantasia,dulce,electronica,comedia,pop
31,manana,media,0.69,0.65,0.4,peliculas,romance,bajo en acidez,reggaeton,accion,jazz
18,noche,alta,0.78,0.76,0.36,peliculas,fantasia,afrutado,reggaeton,terror,pop
49,tarde,alta,1.0,0.47,0.61,series cortas,ciencia ficcion,dulce,rock,terror,rock
21,noche,alta,0.81,0.44,0.62,documentales,ciencia ficcion,dulce,electronica,ciencia ficcion,electronica
26,tarde,baja,0.64,0.36,0.35,documentales,no ficcion,seco,jazz,drama,jazz
43,manana,alta,0.65,0.28,0.57,documentales,no ficcion,seco,rock,drama,rock
43,manana,alta,0.42,0.59,0.42,peliculas,no ficcion,seco,jazz,drama,jazz
43,tarde,baja,0.78,0.65,0.52,series cortas,romance,dulce,electronica,terror,reggaeton
29,noche,media,0.9,0.6,0.64,documentales,romance,espumoso,electronica,ciencia ficcion,reggaeton
27,noche,alta,0.68,0.46,0.46,series cortas,thriller,bajo en acidez,electronica,drama,reggaeton
24,manana,alta,0.98,0.51,0.49,peliculas,ciencia ficcion,afrutado,pop,ciencia ficcion,electronica
21,noche,media,0.68,0.59,0.7,anime,fantasia,dulce,electronica,ciencia ficcion,electronica
36,manana,media,0.87,0.4,0.44,series largas,ciencia ficcion,dulce,reggaeton,terror,reggaeton
30,tarde,alta,0.68,0.43,0.7,anime,fantasia,dulce,rock,terror,rock
24,noche,alta,0.7,0.48,0.82,anime,ciencia ficcion,afrutado,electronica,accion,electronica
38,tarde,baja,0.69,0.4,0.48,documentales,no ficcion,bajo en acidez,reggaeton,drama,rock
30,tarde,alta,0.86,0.65,0.66,peliculas,fantasia,afrutado,pop,ciencia ficcion,electronica
30,manana,media,0.89,0.55,0.53,peliculas,thriller,dulce,reggaeton,terror,reggaeton
38,noche,alta,0.66,0.61,0.73,peliculas,ciencia ficcion,espumoso,rock,ciencia ficcion,reggaeton
18,manana,media,0.59,0.63,0.46,peliculas,romance,afrutado,electronica,comedia,reggaeton
25,tarde,alta,0.76,0.62,0.73,series cortas,thriller,seco,pop,accion,reggaeton
34,noche,media,0.65,0.53,0.37,series largas,no ficcion,bajo en acidez,jazz,drama,jazz
37,noche,media,0.62,0.84,0.24,series largas,no ficcion,bajo en acidez,jazz,comedia,jazz
27,manana,media,0.93,0.53,0.7,peliculas,ciencia ficcion,espumoso,electronica,ciencia ficcion,reggaeton
34,noche,baja,0.8,0.23,0.87,series largas,thriller,espumoso,rock,terror,rock
24,noche,media,0.73,0.81,0.37,series largas,romance,seco,electronica,comedia,pop
35,manana,alta,0.65,0.44,0.58,peliculas,thriller,bajo en acidez,electronica,ciencia ficcion,rock
35,noche,media,0.61,0.75,0.69,anime,fantasia,espumoso,pop,comedia,reggaeton
19,noche,alta,1.0,0.5,0.7,series cortas,ciencia ficcion,espumoso,electronica,ciencia ficcion,electronica
35,noche,alta,0.9,0.74,0.5,series cortas,ciencia ficcion,seco,pop,terror,reggaeton
35,noche,media,0.87,0.43,0.59,documentales,ciencia ficcion,seco,rock,ciencia ficcion,rock
26,manana,media,0.74,0.88,0.52,series largas,romance,dulce,pop,comedia,pop
31,noche,alta,0.71,0.49,0.67,peliculas,thriller,espumoso,rock,terror,electronica
21,manana,media,0.76,0.78,0.65,peliculas,romance,dulce,pop,comedia,pop
20,manana,media,0.57,0.48,0.4,peliculas,no ficcion,seco,jazz,drama,jazz
39,noche,baja,0.81,0.61,0.52,documentales,ciencia ficcion,bajo en acidez,electronica,ciencia ficcion,reggaeton
25,tarde,media,0.71,0.8,0.62,series largas,romance,afrutado,pop,comedia,pop
18,manana,alta,0.81,0.63,0.76,series largas,fantasia,afrutado,reggaeton,accion,pop
33,tarde,media,0.7,0.96,0.28,series largas,romance,afrutado,jazz,comedia,jazz
38,manana,alta,0.65,0.19,0.69,series largas,thriller,dulce,rock,terror,rock
22,noche,alta,0.64,1.0,0.55,peliculas,romance,afrutado,pop,comedia,pop
20,noche,media,0.81,0.59,0.26,peliculas,fantasia,bajo en acidez,jazz,drama,jazz
20,noche,baja,0.61,0.94,0.63,series largas,romance,afrutado,pop,comedia,pop
24,noche,media,0.58,0.68,0.76,series cortas,romance,dulce,pop,comedia,reggaeton
37,noche,media,0.86,0.05,0.65,anime,thriller,seco,rock,terror,rock
46,noche,baja,0.68,0.63,0.4,series largas,no ficcion,bajo en acidez,jazz,drama,jazz
41,manana,baja,0.66,0.55,0.42,documentales,no ficcion,bajo en acidez,jazz,drama,jazz
18,tarde,media,0.82,0.68,0.6,series largas,fantasia,afrutado,pop,terror,pop
38,noche,media,0.63,0.65,0.37,anime,no ficcion,bajo en acidez,jazz,drama,jazz
40,manana,baja,0.86,0.49,0.69,series cortas,ciencia ficcion,dulce,rock,terror,rock
65,manana,alta,0.84,0.65,0.31,documentales,no ficcion,seco,jazz,drama,jazz
21,tarde,media,0.69,0.45,0.51,anime,ciencia ficcion,bajo en acidez,reggaeton,accion,electronica
32,manana,baja,0.55,0.4,0.27,documentales,no ficcion,seco,jazz,drama,jazz
25,manana,media,0.72,0.75,0.61,series largas,romance,dulce,pop,comedia,pop
23,noche,alta,0.74,0.49,0.65,anime,ciencia ficcion,dulce,electronica,ciencia ficcion,electronica
42,manana,media,0.63,0.47,0.34,documentales,no ficcion,seco,jazz,drama,jazz
24,manana,alta,0.76,0.51,0.69,documentales,ciencia ficcion,espumoso,electronica,accion,reggaeton
18,tarde,baja,0.79,0.63,0.57,peliculas,fantasia,afrutado,pop,terror,pop
41,noche,alta,1.0,0.37,0.56,anime,thriller,dulce,rock,ciencia ficcion,rock
21,manana,media,0.66,0.64,0.5,peliculas,fantasia,dulce,pop,comedia,reggaeton
19,manana,baja,0.84,0.65,0.7,anime,fantasia,dulce,electronica,ciencia ficcion,pop
35,tarde,alta,0.86,0.48,0.56,series cortas,ciencia ficcion,seco,rock,ciencia ficcion,rock
25,manana,media,1.0,0.6,0.76,anime,fantasia,afrutado,reggaeton,ciencia ficcion,electronica
23,noche,alta,1.0,0.29,0.69,anime,ciencia ficcion,espumoso,electronica,terror,rock
26,tarde,alta,0.86,0.36,0.78,series largas,thriller,espumoso,electronica,ciencia ficcion,rock
34,tarde,alta,0.81,0.42,0.63,series cortas,ciencia ficcion,afrutado,rock,ciencia ficcion,rock
19,noche,baja,0.85,0.55,0.68,series largas,ciencia ficcion,afrutado,reggaeton,ciencia ficcion,electronica
30,noche,baja,0.56,0.29,0.47,documentales,no ficcion,seco,reggaeton,terror,rock
19,noche,media,0.8,0.48,0.71,anime,fantasia,espumoso,electronica,ciencia ficcion,electronica
32,noche,alta,0.54,0.62,0.46,series largas,romance,seco,jazz,terror,jazz
27,noche,alta,0.95,0.44,0.65,series largas,thriller,espumoso,reggaeton,ciencia ficcion,electronica
22,noche,media,0.79,0.79,0.44,series largas,romance,afrutado,pop,comedia,pop
45,manana,alta,0.96,0.42,0.67,anime,ciencia ficcion,dulce,rock,terror,rock
26,noche,alta,0.94,0.51,0.42,documentales,thriller,bajo en acidez,reggaeton,drama,reggaeton
24,noche,baja,0.71,0.74,0.54,peliculas,romance,afrutado,pop,comedia,pop
46,noche,baja,0.64,0.4,0.32,anime,no ficcion,seco,jazz,drama,jazz
30,noche,media,0.83,0.43,0.69,documentales,thriller,afrutado,rock,terror,rock
21,manana,alta,0.6,0.79,0.55,peliculas,romance,afrutado,pop,comedia,pop
45,tarde,media,0.48,0.81,0.53,peliculas,no ficcion,bajo en acidez,jazz,comedia,jazz
24,manana,alta,0.67,0.59,0.49,anime,ciencia ficcion,bajo en acidez,reggaeton,accion,reggaeton
22,manana,alta,0.85,0.51,0.55,series largas,ciencia ficcion,afrutado,pop,accion,electronica
18,tarde,media,0.67,0.79,0.38,series cortas,romance,dulce,reggaeton,comedia,pop
18,manana,alta,0.73,0.63,0.48,series largas,fantasia,seco,pop,accion,electronica
21,manana,baja,0.75,0.9,0.67,series largas,romance,afrutado,reggaeton,comedia,pop
31,manana,media,0.82,0.57,0.49,anime,fantasia,dulce,reggaeton,ciencia ficcion,reggaeton
29,manana,baja,0.88,0.45,0.67,series largas,thriller,espumoso,electronica,terror,rock
34,noche,media,0.76,0.68,0.4,series largas,fantasia,seco,electronica,accion,reggaeton
39,tarde,baja,0.75,0.33,0.61,series largas,no ficcion,dulce,rock,terror,rock
26,noche,alta,0.9,0.43,0.73,series cortas,thriller,espumoso,electronica,ciencia ficcion,electronica
29,manana,media,0.61,0.85,0.44,series largas,romance,dulce,electronica,comedia,pop
32,manana,alta,0.74,0.33,0.87,documentales,thriller,espumoso,rock,terror,rock
44,tarde,alta,0.86,0.64,0.64,series largas,ciencia ficcion,espumoso,rock,ciencia ficcion,reggaeton
26,tarde,alta,0.61,0.42,0.57,anime,romance,bajo en acidez,reggaeton,terror,electronica
37,noche,alta,0.72,0.74,0.26,documentales,romance,bajo en acidez,jazz,accion,jazz
33,noche,media,1.0,0.49,0.61,series largas,ciencia ficcion,espumoso,rock,ciencia ficcion,electronica
33,noche,media,0.68,0.38,0.77,documentales,thriller,espumoso,electronica,ciencia ficcion,rock
27,manana,media,0.75,0.9,0.49,peliculas,fantasia,afrutado,pop,comedia,pop
30,tarde,alta,0.73,0.27,0.61,series largas,thriller,seco,rock,terror,rock
29,noche,alta,0.7,0.55,0.52,peliculas,fantasia,seco,reggaeton,accion,electronica
25,tarde,media,1.0,0.51,0.71,series largas,thriller,espumoso,electronica,ciencia ficcion,electronica
26,noche,baja,0.98,0.35,0.51,documentales,thriller,dulce,rock,ciencia ficcion,rock
37,tarde,media,0.93,0.58,0.33,series largas,romance,bajo en acidez,jazz,drama,jazz
43,noche,media,0.65,0.45,0.17,documentales,no ficcion,seco,jazz,drama,jazz
22,noche,alta,0.72,0.55,0.74,documentales,ciencia ficcion,dulce,electronica,ciencia ficcion,electronica
29,tarde,media,0.74,0.26,0.71,documentales,thriller,dulce,rock,terror,rock
